Timestamp,Mode,FPS,Contrast_Gain,Visibility_Score
01:01:20,AI MODE: NIGHT (CLAHE Enhancement),2.68,325.08,100.0
01:01:21,AI MODE: NIGHT (CLAHE Enhancement),44.7,325.08,100.0
01:01:21,AI MODE: NIGHT (CLAHE Enhancement),36.33,325.08,100.0
01:01:21,AI MODE: NIGHT (CLAHE Enhancement),5.44,325.08,100.0
01:01:21,AI MODE: NIGHT (CLAHE Enhancement),47.18,325.08,100.0
01:01:21,AI MODE: NIGHT (CLAHE Enhancement),51.83,325.08,100.0
01:01:21,AI MODE: NIGHT (CLAHE Enhancement),6.5,325.08,100.0
01:01:21,AI MODE: NIGHT (CLAHE Enhancement),51.21,325.08,100.0
01:01:21,AI MODE: NIGHT (CLAHE Enhancement),46.22,-9.96,100.0
01:01:21,AI MODE: NIGHT (CLAHE Enhancement),6.64,-9.96,100.0
01:01:21,AI MODE: CLEAR (Pass-Through),19.59,0.0,100.0
01:01:21,AI MODE: CLEAR (Pass-Through),50.93,0.0,100.0
01:01:22,AI MODE: CLEAR (Pass-Through),6.6,0.0,100.0
01:01:22,AI MODE: CLEAR (Pass-Through),50.03,0.0,100.0
01:01:22,AI MODE: CLEAR (Pass-Through),52.13,0.0,100.0
01:01:22,AI MODE: CLEAR (Pass-Through),7.48,0.0,100.0
01:01:22,AI MODE: CLEAR (Pass-Through),52.88,0.0,100.0
01:01:22,AI MODE: CLEAR (Pass-Through),44.5,0.0,100.0
01:01:22,AI MODE: CLEAR (Pass-Through),7.82,0.0,100.0
01:01:22,AI MODE: CLEAR (Pass-Through),59.05,0.0,100.0
01:01:22,AI MODE: CLEAR (Pass-Through),23.27,0.0,100.0
01:01:22,AI MODE: CLEAR (Pass-Through),7.6,0.0,100.0
01:01:22,AI MODE: CLEAR (Pass-Through),54.21,0.0,100.0
01:01:22,AI MODE: CLEAR (Pass-Through),55.24,0.0,100.0
01:01:22,AI MODE: CLEAR (Pass-Through),7.49,0.0,100.0
01:01:22,AI MODE: CLEAR (Pass-Through),54.79,0.0,100.0
01:01:22,AI MODE: CLEAR (Pass-Through),49.59,0.0,100.0
01:01:23,AI MODE: CLEAR (Pass-Through),6.75,0.0,100.0
01:01:23,AI MODE: CLEAR (Pass-Through),55.3,0.0,100.0
01:01:23,AI MODE: CLEAR (Pass-Through),52.5,0.0,100.0
01:01:23,AI MODE: CLEAR (Pass-Through),5.84,0.0,100.0
01:01:23,AI MODE: CLEAR (Pass-Through),53.81,0.0,100.0
01:01:23,AI MODE: CLEAR (Pass-Through),47.66,0.0,100.0
01:01:23,AI MODE: CLEAR (Pass-Through),6.16,0.0,100.0
01:01:23,AI MODE: CLEAR (Pass-Through),44.26,0.0,100.0
01:01:23,AI MODE: CLEAR (Pass-Through),49.18,0.0,100.0
01:01:23,AI MODE: CLEAR (Pass-Through),7.82,0.0,100.0
01:01:23,AI MODE: CLEAR (Pass-Through),53.12,0.0,100.0
01:01:23,AI MODE: CLEAR (Pass-Through),55.75,0.0,100.0
01:01:24,AI MODE: CLEAR (Pass-Through),7.66,0.0,100.0
01:01:24,AI MODE: CLEAR (Pass-Through),19.77,0.0,100.0
01:01:24,AI MODE: CLEAR (Pass-Through),49.42,0.0,100.0
01:01:24,AI MODE: CLEAR (Pass-Through),5.77,0.0,100.0
01:01:24,AI MODE: CLEAR (Pass-Through),54.86,0.0,100.0
01:01:24,AI MODE: CLEAR (Pass-Through),58.33,0.0,100.0
01:01:24,AI MODE: CLEAR (Pass-Through),7.49,0.0,100.0
01:01:24,AI MODE: CLEAR (Pass-Through),54.63,0.0,100.0
01:01:24,AI MODE: CLEAR (Pass-Through),57.61,0.0,100.0
01:01:24,AI MODE: CLEAR (Pass-Through),7.43,0.0,100.0
01:01:24,AI MODE: CLEAR (Pass-Through),54.17,0.0,100.0
01:01:24,AI MODE: CLEAR (Pass-Through),22.99,0.0,100.0
01:01:24,AI MODE: CLEAR (Pass-Through),6.9,0.0,100.0
01:01:24,AI MODE: CLEAR (Pass-Through),55.65,0.0,100.0
01:01:25,AI MODE: CLEAR (Pass-Through),55.97,0.0,100.0
01:01:25,AI MODE: CLEAR (Pass-Through),7.32,0.0,100.0
01:01:25,AI MODE: CLEAR (Pass-Through),54.62,0.0,100.0
01:01:25,AI MODE: CLEAR (Pass-Through),53.02,0.0,100.0
01:01:25,AI MODE: CLEAR (Pass-Through),6.63,0.0,100.0
01:01:25,AI MODE: CLEAR (Pass-Through),48.74,0.0,100.0
01:01:25,AI MODE: CLEAR (Pass-Through),48.56,0.0,100.0
01:01:25,AI MODE: CLEAR (Pass-Through),5.63,0.0,100.0
01:01:25,AI MODE: CLEAR (Pass-Through),49.99,0.0,100.0
01:01:25,AI MODE: CLEAR (Pass-Through),48.51,0.0,100.0
01:01:25,AI MODE: CLEAR (Pass-Through),4.8,0.0,100.0
01:01:25,AI MODE: CLEAR (Pass-Through),50.71,0.0,100.0
01:01:26,AI MODE: CLEAR (Pass-Through),44.8,0.0,100.0
01:01:26,AI MODE: CLEAR (Pass-Through),6.51,0.0,100.0
01:01:26,AI MODE: CLEAR (Pass-Through),52.65,0.0,100.0
01:01:26,AI MODE: CLEAR (Pass-Through),50.76,0.0,100.0
01:01:26,AI MODE: CLEAR (Pass-Through),6.84,0.0,100.0
01:01:26,AI MODE: CLEAR (Pass-Through),22.05,0.0,100.0
01:01:26,AI MODE: CLEAR (Pass-Through),56.28,0.0,100.0
01:01:26,AI MODE: CLEAR (Pass-Through),7.11,0.0,100.0
01:01:26,AI MODE: CLEAR (Pass-Through),57.02,0.0,100.0
01:01:26,AI MODE: CLEAR (Pass-Through),58.88,0.0,100.0
01:01:26,AI MODE: CLEAR (Pass-Through),7.37,0.0,100.0
01:01:26,AI MODE: CLEAR (Pass-Through),53.58,0.0,100.0
01:01:26,AI MODE: CLEAR (Pass-Through),51.53,0.0,100.0
01:01:27,AI MODE: CLEAR (Pass-Through),7.26,0.0,100.0
01:01:27,AI MODE: CLEAR (Pass-Through),52.53,0.0,100.0
01:01:27,AI MODE: CLEAR (Pass-Through),20.88,0.0,100.0
01:01:27,AI MODE: CLEAR (Pass-Through),7.21,0.0,100.0
01:01:27,AI MODE: CLEAR (Pass-Through),55.36,0.0,100.0
01:01:27,AI MODE: CLEAR (Pass-Through),56.17,0.0,100.0
01:01:27,AI MODE: CLEAR (Pass-Through),6.64,0.0,100.0
01:01:27,AI MODE: CLEAR (Pass-Through),56.72,0.0,100.0
01:01:27,AI MODE: CLEAR (Pass-Through),54.74,0.0,100.0
01:01:27,AI MODE: CLEAR (Pass-Through),6.8,0.0,100.0
01:01:27,AI MODE: CLEAR (Pass-Through),50.22,0.0,100.0
01:01:27,AI MODE: CLEAR (Pass-Through),55.69,0.0,100.0
01:01:28,AI MODE: CLEAR (Pass-Through),6.07,0.0,100.0
01:01:28,AI MODE: CLEAR (Pass-Through),58.33,0.0,100.0
01:01:28,AI MODE: CLEAR (Pass-Through),57.83,0.0,100.0
01:01:28,AI MODE: CLEAR (Pass-Through),7.1,0.0,100.0
01:01:28,AI MODE: CLEAR (Pass-Through),54.26,0.0,100.0
01:01:28,AI MODE: CLEAR (Pass-Through),55.94,0.0,100.0
01:01:28,AI MODE: CLEAR (Pass-Through),7.03,0.0,100.0
01:01:28,AI MODE: CLEAR (Pass-Through),52.22,0.0,100.0
01:01:28,AI MODE: CLEAR (Pass-Through),51.62,0.0,100.0
01:01:28,AI MODE: CLEAR (Pass-Through),6.43,0.0,100.0
01:01:28,AI MODE: CLEAR (Pass-Through),21.18,0.0,100.0
01:01:28,AI MODE: CLEAR (Pass-Through),56.37,0.0,100.0
01:01:28,AI MODE: CLEAR (Pass-Through),6.9,0.0,100.0
01:01:28,AI MODE: CLEAR (Pass-Through),47.0,0.0,100.0
01:01:29,AI MODE: CLEAR (Pass-Through),51.79,0.0,100.0
01:01:29,AI MODE: CLEAR (Pass-Through),6.43,0.0,100.0
01:01:29,AI MODE: CLEAR (Pass-Through),55.57,0.0,100.0
01:01:29,AI MODE: CLEAR (Pass-Through),55.69,0.0,100.0
01:01:29,AI MODE: CLEAR (Pass-Through),7.3,0.0,100.0
01:01:29,AI MODE: CLEAR (Pass-Through),48.51,0.0,100.0
01:01:29,AI MODE: CLEAR (Pass-Through),13.29,0.0,100.0
01:01:29,AI MODE: CLEAR (Pass-Through),4.85,0.0,100.0
01:01:29,AI MODE: CLEAR (Pass-Through),31.18,0.0,100.0
01:01:29,AI MODE: CLEAR (Pass-Through),38.65,0.0,100.0
01:01:30,AI MODE: CLEAR (Pass-Through),4.96,0.0,100.0
01:01:30,AI MODE: CLEAR (Pass-Through),32.82,0.0,100.0
01:01:30,AI MODE: CLEAR (Pass-Through),35.53,0.0,100.0
01:01:30,AI MODE: CLEAR (Pass-Through),5.62,0.0,100.0
01:01:30,AI MODE: CLEAR (Pass-Through),35.31,0.0,100.0
01:01:30,AI MODE: CLEAR (Pass-Through),38.55,0.0,100.0
01:01:30,AI MODE: CLEAR (Pass-Through),4.36,0.0,100.0
01:01:30,AI MODE: CLEAR (Pass-Through),37.18,0.0,100.0
01:01:30,AI MODE: CLEAR (Pass-Through),37.87,0.0,100.0
01:01:31,AI MODE: CLEAR (Pass-Through),5.42,0.0,100.0
01:01:31,AI MODE: CLEAR (Pass-Through),39.69,0.0,100.0
01:01:31,AI MODE: CLEAR (Pass-Through),37.0,0.0,100.0
01:01:31,AI MODE: CLEAR (Pass-Through),5.49,0.0,100.0
01:01:31,AI MODE: CLEAR (Pass-Through),37.61,0.0,100.0
01:01:31,AI MODE: CLEAR (Pass-Through),50.42,0.0,100.0
01:01:31,AI MODE: CLEAR (Pass-Through),6.29,0.0,100.0
01:01:31,AI MODE: CLEAR (Pass-Through),16.17,0.0,100.0
01:01:31,AI MODE: CLEAR (Pass-Through),53.33,0.0,100.0
01:01:31,AI MODE: CLEAR (Pass-Through),6.4,0.0,100.0
01:01:31,AI MODE: CLEAR (Pass-Through),50.24,0.0,100.0
01:01:31,AI MODE: CLEAR (Pass-Through),47.62,0.0,100.0
01:01:32,AI MODE: CLEAR (Pass-Through),6.79,0.0,100.0
01:01:32,AI MODE: CLEAR (Pass-Through),54.23,0.0,100.0
01:01:32,AI MODE: CLEAR (Pass-Through),53.17,0.0,100.0
01:01:32,AI MODE: CLEAR (Pass-Through),7.15,0.0,100.0
01:01:32,AI MODE: CLEAR (Pass-Through),53.67,0.0,100.0
01:01:32,AI MODE: CLEAR (Pass-Through),21.63,0.0,100.0
01:01:32,AI MODE: CLEAR (Pass-Through),7.02,0.0,100.0
01:01:32,AI MODE: CLEAR (Pass-Through),56.54,0.0,100.0
01:01:32,AI MODE: CLEAR (Pass-Through),56.81,0.0,100.0
01:01:32,AI MODE: CLEAR (Pass-Through),7.34,0.0,100.0
01:01:32,AI MODE: CLEAR (Pass-Through),55.55,0.0,100.0
01:01:32,AI MODE: CLEAR (Pass-Through),56.43,0.0,100.0
01:01:32,AI MODE: CLEAR (Pass-Through),7.03,0.0,100.0
01:01:33,AI MODE: CLEAR (Pass-Through),53.44,0.0,100.0
01:01:33,AI MODE: CLEAR (Pass-Through),57.81,0.0,100.0
01:01:33,AI MODE: CLEAR (Pass-Through),6.2,0.0,100.0
01:01:33,AI MODE: CLEAR (Pass-Through),54.41,0.0,100.0
01:01:33,AI MODE: CLEAR (Pass-Through),55.56,0.0,100.0
01:01:33,AI MODE: CLEAR (Pass-Through),7.16,0.0,100.0
01:01:33,AI MODE: CLEAR (Pass-Through),59.3,0.0,100.0
01:01:33,AI MODE: CLEAR (Pass-Through),56.86,0.0,100.0
01:01:33,AI MODE: CLEAR (Pass-Through),7.08,0.0,100.0
01:01:33,AI MODE: CLEAR (Pass-Through),57.03,0.0,100.0
01:01:33,AI MODE: CLEAR (Pass-Through),56.22,0.0,100.0
01:01:33,AI MODE: CLEAR (Pass-Through),7.3,0.0,100.0
01:01:33,AI MODE: CLEAR (Pass-Through),22.4,0.0,100.0
01:01:33,AI MODE: CLEAR (Pass-Through),55.39,0.0,100.0
01:01:34,AI MODE: CLEAR (Pass-Through),7.27,0.0,100.0
01:01:34,AI MODE: CLEAR (Pass-Through),54.45,0.0,100.0
01:01:34,AI MODE: CLEAR (Pass-Through),57.22,0.0,100.0
01:01:34,AI MODE: CLEAR (Pass-Through),7.24,0.0,100.0
01:01:34,AI MODE: CLEAR (Pass-Through),55.32,0.0,100.0
01:01:34,AI MODE: CLEAR (Pass-Through),57.59,0.0,100.0
01:01:34,AI MODE: CLEAR (Pass-Through),7.24,0.0,100.0
01:01:34,AI MODE: CLEAR (Pass-Through),53.43,0.0,100.0
01:01:34,AI MODE: CLEAR (Pass-Through),21.78,0.0,100.0
01:01:34,AI MODE: CLEAR (Pass-Through),7.39,0.0,100.0
01:01:34,AI MODE: CLEAR (Pass-Through),58.41,0.0,100.0
01:01:34,AI MODE: CLEAR (Pass-Through),58.09,0.0,100.0
01:01:34,AI MODE: CLEAR (Pass-Through),7.4,0.0,100.0
01:01:35,AI MODE: CLEAR (Pass-Through),58.86,0.0,100.0
01:01:35,AI MODE: CLEAR (Pass-Through),61.63,0.0,100.0
01:01:35,AI MODE: CLEAR (Pass-Through),7.13,0.0,100.0
01:01:35,AI MODE: CLEAR (Pass-Through),57.35,0.0,100.0
01:01:35,AI MODE: CLEAR (Pass-Through),62.3,0.0,100.0
01:01:35,AI MODE: CLEAR (Pass-Through),6.37,0.0,100.0
01:01:35,AI MODE: CLEAR (Pass-Through),58.59,0.0,100.0
01:01:35,AI MODE: CLEAR (Pass-Through),60.62,0.0,100.0
01:01:35,AI MODE: CLEAR (Pass-Through),7.35,0.0,100.0
01:01:35,AI MODE: CLEAR (Pass-Through),59.88,0.0,100.0
01:01:35,AI MODE: CLEAR (Pass-Through),58.0,0.0,100.0
01:01:35,AI MODE: CLEAR (Pass-Through),7.35,0.0,100.0
01:01:35,AI MODE: CLEAR (Pass-Through),55.69,0.0,100.0
01:01:35,AI MODE: CLEAR (Pass-Through),60.34,0.0,100.0
01:01:36,AI MODE: CLEAR (Pass-Through),7.46,0.0,100.0
01:01:36,AI MODE: CLEAR (Pass-Through),22.3,0.0,100.0
01:01:36,AI MODE: CLEAR (Pass-Through),54.44,0.0,100.0
01:01:36,AI MODE: CLEAR (Pass-Through),6.71,0.0,100.0
01:01:36,AI MODE: CLEAR (Pass-Through),53.29,0.0,100.0
01:01:36,AI MODE: CLEAR (Pass-Through),53.85,0.0,100.0
01:01:36,AI MODE: CLEAR (Pass-Through),6.85,0.0,100.0
01:01:36,AI MODE: CLEAR (Pass-Through),60.92,0.0,100.0
01:01:36,AI MODE: CLEAR (Pass-Through),60.31,0.0,100.0
01:01:36,AI MODE: CLEAR (Pass-Through),6.54,0.0,100.0
01:01:36,AI MODE: CLEAR (Pass-Through),62.09,0.0,100.0
01:01:36,AI MODE: CLEAR (Pass-Through),20.04,0.0,100.0
01:01:36,AI MODE: CLEAR (Pass-Through),6.48,0.0,100.0
01:01:37,AI MODE: CLEAR (Pass-Through),60.05,0.0,100.0
01:01:37,AI MODE: CLEAR (Pass-Through),59.51,0.0,100.0
01:01:37,AI MODE: CLEAR (Pass-Through),7.52,0.0,100.0
01:01:37,AI MODE: CLEAR (Pass-Through),61.04,0.0,100.0
01:01:37,AI MODE: CLEAR (Pass-Through),62.63,0.0,100.0
01:01:37,AI MODE: CLEAR (Pass-Through),7.49,0.0,100.0
01:01:37,AI MODE: CLEAR (Pass-Through),60.18,0.0,100.0
01:01:37,AI MODE: CLEAR (Pass-Through),59.45,0.0,100.0
01:01:37,AI MODE: CLEAR (Pass-Through),6.5,0.0,100.0
01:01:37,AI MODE: CLEAR (Pass-Through),57.15,0.0,100.0
01:01:37,AI MODE: CLEAR (Pass-Through),62.58,0.0,100.0
01:01:37,AI MODE: CLEAR (Pass-Through),7.29,0.0,100.0
01:01:37,AI MODE: CLEAR (Pass-Through),59.79,0.0,100.0
01:01:37,AI MODE: CLEAR (Pass-Through),62.39,0.0,100.0
01:01:38,AI MODE: CLEAR (Pass-Through),7.21,0.0,100.0
01:01:38,AI MODE: CLEAR (Pass-Through),59.72,0.0,100.0
01:01:38,AI MODE: CLEAR (Pass-Through),64.63,0.0,100.0
01:01:38,AI MODE: CLEAR (Pass-Through),7.54,0.0,100.0
01:01:38,AI MODE: CLEAR (Pass-Through),23.17,0.0,100.0
01:01:38,AI MODE: CLEAR (Pass-Through),65.59,0.0,100.0
01:01:38,AI MODE: CLEAR (Pass-Through),7.53,0.0,100.0
01:01:38,AI MODE: CLEAR (Pass-Through),66.32,0.0,100.0
01:01:38,AI MODE: CLEAR (Pass-Through),66.1,0.0,100.0
01:01:38,AI MODE: CLEAR (Pass-Through),7.72,0.0,100.0
01:01:38,AI MODE: CLEAR (Pass-Through),65.63,0.0,100.0
01:01:38,AI MODE: CLEAR (Pass-Through),61.83,0.0,100.0
01:01:38,AI MODE: CLEAR (Pass-Through),7.78,0.0,100.0
01:01:38,AI MODE: CLEAR (Pass-Through),65.31,0.0,100.0
01:01:38,AI MODE: CLEAR (Pass-Through),24.43,0.0,100.0
01:01:39,AI MODE: CLEAR (Pass-Through),7.68,0.0,100.0
01:01:39,AI MODE: CLEAR (Pass-Through),63.99,0.0,100.0
01:01:39,AI MODE: CLEAR (Pass-Through),66.37,0.0,100.0
01:01:39,AI MODE: CLEAR (Pass-Through),7.63,0.0,100.0
01:01:39,AI MODE: CLEAR (Pass-Through),60.65,0.0,100.0
01:01:39,AI MODE: CLEAR (Pass-Through),64.43,0.0,100.0
01:01:39,AI MODE: CLEAR (Pass-Through),7.69,0.0,100.0
01:01:39,AI MODE: CLEAR (Pass-Through),60.14,0.0,100.0
01:01:39,AI MODE: CLEAR (Pass-Through),64.44,0.0,100.0
01:01:39,AI MODE: CLEAR (Pass-Through),6.46,0.0,100.0
01:01:39,AI MODE: CLEAR (Pass-Through),67.84,0.0,100.0
01:01:39,AI MODE: CLEAR (Pass-Through),63.31,0.0,100.0
01:01:39,AI MODE: CLEAR (Pass-Through),7.73,0.0,100.0
01:01:39,AI MODE: CLEAR (Pass-Through),64.73,0.0,100.0
01:01:39,AI MODE: CLEAR (Pass-Through),67.36,0.0,100.0
01:01:40,AI MODE: CLEAR (Pass-Through),7.06,0.0,100.0
01:01:40,AI MODE: CLEAR (Pass-Through),61.96,0.0,100.0
01:01:40,AI MODE: CLEAR (Pass-Through),56.14,0.0,100.0
01:01:40,AI MODE: CLEAR (Pass-Through),6.96,0.0,100.0
01:01:40,AI MODE: CLEAR (Pass-Through),24.64,0.0,100.0
01:01:40,AI MODE: CLEAR (Pass-Through),65.71,0.0,100.0
01:01:40,AI MODE: CLEAR (Pass-Through),7.21,0.0,100.0
01:01:40,AI MODE: CLEAR (Pass-Through),60.44,0.0,100.0
01:01:40,AI MODE: CLEAR (Pass-Through),60.37,0.0,100.0
01:01:40,AI MODE: CLEAR (Pass-Through),6.99,0.0,100.0
01:01:40,AI MODE: CLEAR (Pass-Through),61.6,0.0,100.0
01:01:40,AI MODE: CLEAR (Pass-Through),64.66,0.0,100.0
01:01:40,AI MODE: CLEAR (Pass-Through),7.59,0.0,100.0
01:01:41,AI MODE: CLEAR (Pass-Through),58.64,0.0,100.0
01:01:41,AI MODE: CLEAR (Pass-Through),23.94,0.0,100.0
01:01:41,AI MODE: CLEAR (Pass-Through),7.71,0.0,100.0
01:01:41,AI MODE: CLEAR (Pass-Through),63.75,0.0,100.0
01:01:41,AI MODE: CLEAR (Pass-Through),63.66,0.0,100.0
01:01:41,AI MODE: CLEAR (Pass-Through),6.96,0.0,100.0
01:01:41,AI MODE: CLEAR (Pass-Through),61.98,0.0,100.0
01:01:41,AI MODE: CLEAR (Pass-Through),64.66,0.0,100.0
01:01:41,AI MODE: CLEAR (Pass-Through),7.7,0.0,100.0
01:01:41,AI MODE: CLEAR (Pass-Through),60.52,0.0,100.0
01:01:41,AI MODE: CLEAR (Pass-Through),66.02,0.0,100.0
01:01:41,AI MODE: CLEAR (Pass-Through),6.65,0.0,100.0
01:01:41,AI MODE: CLEAR (Pass-Through),65.78,0.0,100.0
01:01:41,AI MODE: CLEAR (Pass-Through),63.61,0.0,100.0
01:01:42,AI MODE: CLEAR (Pass-Through),7.89,0.0,100.0
01:01:42,AI MODE: CLEAR (Pass-Through),59.77,0.0,100.0
01:01:42,AI MODE: CLEAR (Pass-Through),63.85,0.0,100.0
01:01:42,AI MODE: CLEAR (Pass-Through),5.3,0.0,100.0
01:01:42,AI MODE: CLEAR (Pass-Through),57.35,0.0,100.0
01:01:42,AI MODE: CLEAR (Pass-Through),59.29,0.0,100.0
01:01:42,AI MODE: CLEAR (Pass-Through),7.76,0.0,100.0
01:01:42,AI MODE: CLEAR (Pass-Through),23.1,0.0,100.0
01:01:42,AI MODE: CLEAR (Pass-Through),62.93,0.0,100.0
01:01:42,AI MODE: CLEAR (Pass-Through),7.54,0.0,100.0
01:01:42,AI MODE: CLEAR (Pass-Through),62.35,0.0,100.0
01:01:42,AI MODE: CLEAR (Pass-Through),60.58,0.0,100.0
01:01:42,AI MODE: CLEAR (Pass-Through),7.69,0.0,100.0
01:01:42,AI MODE: CLEAR (Pass-Through),65.18,0.0,100.0
01:01:43,AI MODE: CLEAR (Pass-Through),63.36,0.0,100.0
01:01:43,AI MODE: CLEAR (Pass-Through),7.92,0.0,100.0
01:01:43,AI MODE: CLEAR (Pass-Through),54.94,0.0,100.0
01:01:43,AI MODE: CLEAR (Pass-Through),23.96,0.0,100.0
01:01:43,AI MODE: CLEAR (Pass-Through),7.71,0.0,100.0
01:01:43,AI MODE: CLEAR (Pass-Through),61.68,0.0,100.0
01:01:43,AI MODE: CLEAR (Pass-Through),62.16,0.0,100.0
01:01:43,AI MODE: CLEAR (Pass-Through),7.89,0.0,100.0
01:01:43,AI MODE: CLEAR (Pass-Through),60.46,0.0,100.0
01:01:43,AI MODE: CLEAR (Pass-Through),61.2,0.0,100.0
01:01:43,AI MODE: CLEAR (Pass-Through),7.59,0.0,100.0
01:01:43,AI MODE: CLEAR (Pass-Through),59.4,0.0,100.0
01:01:43,AI MODE: CLEAR (Pass-Through),63.8,0.0,100.0
01:01:44,AI MODE: CLEAR (Pass-Through),5.99,0.0,100.0
01:01:44,AI MODE: CLEAR (Pass-Through),62.99,0.0,100.0
01:01:44,AI MODE: CLEAR (Pass-Through),59.6,0.0,100.0
01:01:44,AI MODE: CLEAR (Pass-Through),7.36,0.0,100.0
01:01:44,AI MODE: CLEAR (Pass-Through),58.86,0.0,100.0
01:01:44,AI MODE: CLEAR (Pass-Through),54.92,0.0,100.0
01:01:44,AI MODE: CLEAR (Pass-Through),6.19,0.0,100.0
01:01:44,AI MODE: CLEAR (Pass-Through),60.31,0.0,100.0
01:01:44,AI MODE: CLEAR (Pass-Through),60.41,0.0,100.0
01:01:44,AI MODE: CLEAR (Pass-Through),7.01,0.0,100.0
01:01:44,AI MODE: CLEAR (Pass-Through),19.94,0.0,100.0
01:01:44,AI MODE: CLEAR (Pass-Through),58.53,0.0,100.0
01:01:44,AI MODE: CLEAR (Pass-Through),7.04,0.0,100.0
01:01:44,AI MODE: CLEAR (Pass-Through),59.09,0.0,100.0
01:01:44,AI MODE: CLEAR (Pass-Through),60.0,0.0,100.0
01:01:45,AI MODE: CLEAR (Pass-Through),6.95,0.0,100.0
01:01:45,AI MODE: CLEAR (Pass-Through),55.93,0.0,100.0
01:01:45,AI MODE: CLEAR (Pass-Through),63.23,0.0,100.0
01:01:45,AI MODE: CLEAR (Pass-Through),7.37,0.0,100.0
01:01:45,AI MODE: CLEAR (Pass-Through),62.66,0.0,100.0
01:01:45,AI MODE: CLEAR (Pass-Through),23.0,0.0,100.0
01:01:45,AI MODE: CLEAR (Pass-Through),7.51,0.0,100.0
01:01:45,AI MODE: CLEAR (Pass-Through),60.21,0.0,100.0
01:01:45,AI MODE: CLEAR (Pass-Through),59.97,0.0,100.0
01:01:45,AI MODE: CLEAR (Pass-Through),7.37,0.0,100.0
01:01:45,AI MODE: CLEAR (Pass-Through),59.71,0.0,100.0
01:01:45,AI MODE: CLEAR (Pass-Through),61.51,0.0,100.0
01:01:46,AI MODE: CLEAR (Pass-Through),7.09,0.0,100.0
01:01:46,AI MODE: CLEAR (Pass-Through),61.5,0.0,100.0
01:01:46,AI MODE: CLEAR (Pass-Through),61.3,0.0,100.0
01:01:46,AI MODE: FOGGY (Aggressive DCP),4.85,20.96,52.66
01:01:46,AI MODE: FOGGY (Aggressive DCP),16.77,21.13,52.55
01:01:46,AI MODE: FOGGY (Aggressive DCP),16.43,21.14,52.55
01:01:46,AI MODE: FOGGY (Aggressive DCP),5.7,21.21,52.56
01:01:46,AI MODE: FOGGY (Aggressive DCP),17.04,21.17,52.56
01:01:46,AI MODE: FOGGY (Aggressive DCP),16.45,21.17,52.58
01:01:46,AI MODE: FOGGY (Aggressive DCP),5.54,21.2,52.49
01:01:47,AI MODE: FOGGY (Aggressive DCP),17.11,21.15,52.48
01:01:47,AI MODE: FOGGY (Aggressive DCP),16.82,21.18,52.51
01:01:47,AI MODE: FOGGY (Aggressive DCP),5.74,21.34,52.5
01:01:47,AI MODE: FOGGY (Aggressive DCP),11.23,21.36,52.51
01:01:47,AI MODE: FOGGY (Aggressive DCP),16.83,21.29,52.45
01:01:47,AI MODE: FOGGY (Aggressive DCP),5.81,21.2,52.47
01:01:47,AI MODE: FOGGY (Aggressive DCP),16.44,21.19,52.49
01:01:47,AI MODE: FOGGY (Aggressive DCP),16.93,21.07,52.48
01:01:47,AI MODE: FOGGY (Aggressive DCP),5.81,21.18,52.49
01:01:48,AI MODE: FOGGY (Aggressive DCP),17.1,21.19,52.49
01:01:48,AI MODE: FOGGY (Aggressive DCP),16.62,21.33,52.5
01:01:48,AI MODE: FOGGY (Aggressive DCP),5.76,21.33,52.5
01:01:48,AI MODE: FOGGY (Aggressive DCP),16.94,21.35,52.5
01:01:48,AI MODE: FOGGY (Aggressive DCP),10.66,21.31,52.51
01:01:48,AI MODE: FOGGY (Aggressive DCP),5.74,21.22,52.48
01:01:48,AI MODE: FOGGY (Aggressive DCP),17.04,21.21,52.59
01:01:48,AI MODE: FOGGY (Aggressive DCP),16.86,21.17,52.54
01:01:49,AI MODE: FOGGY (Aggressive DCP),5.8,21.05,52.58
01:01:49,AI MODE: FOGGY (Aggressive DCP),16.8,21.07,52.58
01:01:49,AI MODE: FOGGY (Aggressive DCP),16.91,21.09,52.55
01:01:49,AI MODE: FOGGY (Aggressive DCP),5.29,21.08,52.56
01:01:49,AI MODE: FOGGY (Aggressive DCP),16.91,21.05,52.55
01:01:49,AI MODE: FOGGY (Aggressive DCP),16.69,21.19,52.56
01:01:49,AI MODE: FOGGY (Aggressive DCP),4.62,21.17,52.59
01:01:49,AI MODE: FOGGY (Aggressive DCP),16.74,21.24,52.79
01:01:49,AI MODE: FOGGY (Aggressive DCP),16.63,21.04,52.79
01:01:50,AI MODE: FOGGY (Aggressive DCP),5.67,20.9,52.78
01:01:50,AI MODE: FOGGY (Aggressive DCP),17.31,20.68,52.77
01:01:50,AI MODE: FOGGY (Aggressive DCP),16.84,20.42,52.75
01:01:50,AI MODE: FOGGY (Aggressive DCP),5.58,20.26,52.9
01:01:50,AI MODE: FOGGY (Aggressive DCP),16.78,20.39,52.88
01:01:50,AI MODE: FOGGY (Aggressive DCP),16.28,20.25,52.88
01:01:50,AI MODE: FOGGY (Aggressive DCP),5.7,20.26,52.88
01:01:50,AI MODE: FOGGY (Aggressive DCP),10.58,20.25,52.9
01:01:50,AI MODE: FOGGY (Aggressive DCP),15.27,20.4,52.87
01:01:51,AI MODE: FOGGY (Aggressive DCP),4.67,20.36,52.88
01:01:51,AI MODE: FOGGY (Aggressive DCP),16.43,20.21,52.84
01:01:51,AI MODE: FOGGY (Aggressive DCP),16.29,20.2,52.86
01:01:51,AI MODE: FOGGY (Aggressive DCP),5.7,20.22,52.88
01:01:51,AI MODE: FOGGY (Aggressive DCP),17.19,20.24,52.84
01:01:51,AI MODE: FOGGY (Aggressive DCP),16.89,20.19,52.84
01:01:51,AI MODE: FOGGY (Aggressive DCP),5.72,20.24,52.84
01:01:51,AI MODE: FOGGY (Aggressive DCP),16.16,20.26,52.83
01:01:52,AI MODE: FOGGY (Aggressive DCP),11.58,20.26,52.84
01:01:52,AI MODE: FOGGY (Aggressive DCP),5.7,20.25,52.86
01:01:52,AI MODE: FOGGY (Aggressive DCP),15.76,20.25,52.89
01:01:52,AI MODE: FOGGY (Aggressive DCP),16.57,20.24,52.89
01:01:52,AI MODE: FOGGY (Aggressive DCP),5.74,20.23,52.91
01:01:52,AI MODE: FOGGY (Aggressive DCP),16.78,20.23,52.9
01:01:52,AI MODE: FOGGY (Aggressive DCP),16.41,20.23,52.95
01:01:52,AI MODE: FOGGY (Aggressive DCP),5.82,20.19,52.95
01:01:52,AI MODE: FOGGY (Aggressive DCP),16.3,20.18,52.95
01:01:53,AI MODE: FOGGY (Aggressive DCP),16.8,20.18,52.95
01:01:53,AI MODE: FOGGY (Aggressive DCP),4.98,20.16,52.95
01:01:53,AI MODE: FOGGY (Aggressive DCP),16.95,20.2,52.89
01:01:53,AI MODE: FOGGY (Aggressive DCP),17.01,20.26,52.81
01:01:53,AI MODE: FOGGY (Aggressive DCP),5.67,20.22,52.84
01:01:53,AI MODE: FOGGY (Aggressive DCP),16.9,20.2,52.79
01:01:53,AI MODE: FOGGY (Aggressive DCP),16.8,20.25,52.82
01:01:53,AI MODE: FOGGY (Aggressive DCP),5.33,20.14,52.77
01:01:53,AI MODE: FOGGY (Aggressive DCP),16.62,20.1,52.8
01:01:54,AI MODE: FOGGY (Aggressive DCP),16.71,20.18,52.79
01:01:54,AI MODE: FOGGY (Aggressive DCP),5.73,20.23,52.79
01:01:54,AI MODE: FOGGY (Aggressive DCP),11.67,20.08,53.0
01:01:54,AI MODE: FOGGY (Aggressive DCP),16.89,20.18,52.88
01:01:54,AI MODE: FOGGY (Aggressive DCP),5.77,20.28,52.97
01:01:54,AI MODE: FOGGY (Aggressive DCP),16.62,14.35,45.39
01:01:54,AI MODE: FOGGY (Aggressive DCP),16.41,14.35,45.44
01:01:54,AI MODE: FOGGY (Aggressive DCP),5.68,14.44,45.49
01:01:55,AI MODE: FOGGY (Aggressive DCP),16.82,14.7,45.42
01:01:55,AI MODE: FOGGY (Aggressive DCP),16.47,14.71,45.41
01:01:55,AI MODE: FOGGY (Aggressive DCP),5.64,14.61,45.41
01:01:55,AI MODE: FOGGY (Aggressive DCP),16.72,14.6,45.39
01:01:55,AI MODE: FOGGY (Aggressive DCP),11.37,14.57,45.41
01:01:55,AI MODE: FOGGY (Aggressive DCP),5.72,14.61,45.32
01:01:55,AI MODE: FOGGY (Aggressive DCP),16.45,14.69,45.29
01:01:55,AI MODE: FOGGY (Aggressive DCP),16.78,14.69,45.28
01:01:55,AI MODE: FOGGY (Aggressive DCP),5.56,14.64,45.32
01:01:56,AI MODE: FOGGY (Aggressive DCP),16.61,14.65,45.38
01:01:56,AI MODE: FOGGY (Aggressive DCP),16.69,14.44,45.75
01:01:56,AI MODE: FOGGY (Aggressive DCP),5.58,14.51,45.68
01:01:56,AI MODE: FOGGY (Aggressive DCP),16.98,14.49,45.74
01:01:56,AI MODE: FOGGY (Aggressive DCP),16.45,12.87,46.8
01:01:56,AI MODE: FOGGY (Aggressive DCP),4.96,13.12,46.83
01:01:56,AI MODE: FOGGY (Aggressive DCP),16.92,13.47,46.82
01:01:56,AI MODE: FOGGY (Aggressive DCP),16.77,13.69,46.84
01:01:57,AI MODE: FOGGY (Aggressive DCP),5.64,14.06,46.85
01:01:57,AI MODE: FOGGY (Aggressive DCP),17.05,14.07,46.87
01:01:57,AI MODE: FOGGY (Aggressive DCP),16.99,14.04,46.88
01:01:57,AI MODE: FOGGY (Aggressive DCP),5.42,14.06,46.86
01:01:57,AI MODE: FOGGY (Aggressive DCP),16.64,14.01,46.87
01:01:57,AI MODE: FOGGY (Aggressive DCP),16.26,13.88,46.87
01:01:57,AI MODE: FOGGY (Aggressive DCP),5.7,13.84,46.92
01:01:57,AI MODE: FOGGY (Aggressive DCP),11.27,13.97,46.86
01:01:57,AI MODE: FOGGY (Aggressive DCP),16.74,13.84,47.05
01:01:58,AI MODE: FOGGY (Aggressive DCP),5.45,13.81,47.07
01:01:58,AI MODE: FOGGY (Aggressive DCP),16.64,13.87,47.09
01:01:58,AI MODE: FOGGY (Aggressive DCP),16.17,13.99,47.12
01:01:58,AI MODE: FOGGY (Aggressive DCP),5.05,13.87,47.12
01:01:58,AI MODE: FOGGY (Aggressive DCP),16.88,13.87,47.1
01:01:58,AI MODE: FOGGY (Aggressive DCP),16.73,14.0,47.11
01:01:58,AI MODE: FOGGY (Aggressive DCP),5.66,13.89,47.04
01:01:58,AI MODE: FOGGY (Aggressive DCP),17.1,13.89,47.07
01:01:58,AI MODE: FOGGY (Aggressive DCP),11.15,13.88,47.12
01:01:59,AI MODE: FOGGY (Aggressive DCP),5.72,13.84,47.01
01:01:59,AI MODE: FOGGY (Aggressive DCP),16.69,13.39,47.0
01:01:59,AI MODE: FOGGY (Aggressive DCP),16.63,13.01,46.89
01:01:59,AI MODE: FOGGY (Aggressive DCP),5.64,12.87,46.92
01:01:59,AI MODE: FOGGY (Aggressive DCP),16.95,12.47,46.99
01:01:59,AI MODE: FOGGY (Aggressive DCP),16.4,12.38,46.73
01:01:59,AI MODE: FOGGY (Aggressive DCP),5.69,12.48,46.8
01:01:59,AI MODE: FOGGY (Aggressive DCP),16.78,12.81,46.89
01:01:59,AI MODE: FOGGY (Aggressive DCP),16.7,12.79,46.86
01:02:00,AI MODE: FOGGY (Aggressive DCP),4.77,12.8,46.93
01:02:00,AI MODE: FOGGY (Aggressive DCP),17.36,12.63,46.71
01:02:00,AI MODE: FOGGY (Aggressive DCP),16.28,12.51,46.69
01:02:00,AI MODE: FOGGY (Aggressive DCP),5.75,12.08,46.66
01:02:00,AI MODE: FOGGY (Aggressive DCP),16.84,12.01,46.75
01:02:00,AI MODE: FOGGY (Aggressive DCP),16.69,12.0,46.82
01:02:00,AI MODE: FOGGY (Aggressive DCP),5.56,12.12,46.54
01:02:00,AI MODE: FOGGY (Aggressive DCP),16.44,12.06,46.51
01:02:00,AI MODE: FOGGY (Aggressive DCP),16.58,11.95,46.48
01:02:01,AI MODE: FOGGY (Aggressive DCP),5.45,11.87,46.61
01:02:01,AI MODE: FOGGY (Aggressive DCP),11.37,11.78,46.62
01:02:01,AI MODE: FOGGY (Aggressive DCP),16.46,11.6,46.14
01:02:01,AI MODE: FOGGY (Aggressive DCP),5.66,11.56,46.05
01:02:01,AI MODE: FOGGY (Aggressive DCP),17.2,11.6,46.16
01:02:01,AI MODE: FOGGY (Aggressive DCP),16.52,12.05,46.44
01:02:01,AI MODE: FOGGY (Aggressive DCP),5.58,12.47,46.52
01:02:01,AI MODE: FOGGY (Aggressive DCP),16.88,12.83,46.32
01:02:02,AI MODE: FOGGY (Aggressive DCP),16.55,12.73,46.49
01:02:02,AI MODE: FOGGY (Aggressive DCP),5.6,12.71,46.46
01:02:02,AI MODE: FOGGY (Aggressive DCP),16.97,12.25,46.39
01:02:02,AI MODE: FOGGY (Aggressive DCP),11.4,11.93,46.53
01:02:02,AI MODE: FOGGY (Aggressive DCP),5.62,11.86,46.38
01:02:02,AI MODE: FOGGY (Aggressive DCP),15.99,11.98,46.35
01:02:02,AI MODE: FOGGY (Aggressive DCP),16.65,11.9,46.3
01:02:02,AI MODE: FOGGY (Aggressive DCP),5.32,12.2,46.3
01:02:03,AI MODE: FOGGY (Aggressive DCP),16.82,12.01,46.37
01:02:03,AI MODE: FOGGY (Aggressive DCP),15.73,12.07,46.13
01:02:03,AI MODE: FOGGY (Aggressive DCP),5.59,11.78,46.02
01:02:03,AI MODE: FOGGY (Aggressive DCP),16.96,11.82,46.17
01:02:03,AI MODE: FOGGY (Aggressive DCP),16.98,11.9,46.24
01:02:03,AI MODE: FOGGY (Aggressive DCP),4.85,12.08,47.61
01:02:03,AI MODE: FOGGY (Aggressive DCP),17.04,13.34,45.68
01:02:03,AI MODE: FOGGY (Aggressive DCP),16.85,14.29,45.65
01:02:03,AI MODE: FOGGY (Aggressive DCP),5.67,15.18,45.67
01:02:04,AI MODE: FOGGY (Aggressive DCP),17.11,15.82,45.68
01:02:04,AI MODE: FOGGY (Aggressive DCP),16.77,15.89,45.82
01:02:04,AI MODE: FOGGY (Aggressive DCP),5.68,15.99,45.51
01:02:04,AI MODE: FOGGY (Aggressive DCP),16.53,16.05,45.27
01:02:04,AI MODE: FOGGY (Aggressive DCP),16.77,15.9,45.43
01:02:04,AI MODE: FOGGY (Aggressive DCP),5.87,16.01,45.5
01:02:04,AI MODE: FOGGY (Aggressive DCP),11.35,15.97,45.57
01:02:04,AI MODE: FOGGY (Aggressive DCP),16.52,16.33,44.98
01:02:05,AI MODE: FOGGY (Aggressive DCP),5.22,16.28,45.17
01:02:05,AI MODE: FOGGY (Aggressive DCP),15.7,16.24,45.22
01:02:05,AI MODE: FOGGY (Aggressive DCP),13.64,16.3,45.42
01:02:05,AI MODE: FOGGY (Aggressive DCP),5.66,16.23,45.55
01:02:05,AI MODE: FOGGY (Aggressive DCP),17.06,16.38,45.16
01:02:05,AI MODE: FOGGY (Aggressive DCP),16.56,16.42,44.81
01:02:05,AI MODE: FOGGY (Aggressive DCP),5.7,16.43,44.65
01:02:05,AI MODE: FOGGY (Aggressive DCP),17.21,16.47,44.94
01:02:05,AI MODE: FOGGY (Aggressive DCP),11.45,16.47,45.03
01:02:06,AI MODE: FOGGY (Aggressive DCP),5.77,16.5,44.2
01:02:06,AI MODE: FOGGY (Aggressive DCP),16.67,16.45,44.02
01:02:06,AI MODE: FOGGY (Aggressive DCP),16.52,16.6,43.66
01:02:06,AI MODE: FOGGY (Aggressive DCP),5.9,16.65,43.68
01:02:06,AI MODE: FOGGY (Aggressive DCP),17.08,16.63,43.95
01:02:06,AI MODE: FOGGY (Aggressive DCP),16.21,16.76,42.66
01:02:06,AI MODE: FOGGY (Aggressive DCP),5.75,16.52,42.68
01:02:06,AI MODE: FOGGY (Aggressive DCP),17.16,16.48,42.67
01:02:06,AI MODE: FOGGY (Aggressive DCP),16.92,16.46,42.68
01:02:07,AI MODE: FOGGY (Aggressive DCP),4.48,16.45,42.93
01:02:07,AI MODE: FOGGY (Aggressive DCP),16.42,16.58,41.63
01:02:07,AI MODE: FOGGY (Aggressive DCP),16.66,16.47,41.6
01:02:07,AI MODE: FOGGY (Aggressive DCP),5.6,16.5,41.43
01:02:07,AI MODE: FOGGY (Aggressive DCP),16.92,16.62,41.38
01:02:07,AI MODE: FOGGY (Aggressive DCP),16.94,16.6,41.53
01:02:07,AI MODE: FOGGY (Aggressive DCP),5.67,16.6,40.74
01:02:07,AI MODE: FOGGY (Aggressive DCP),16.69,16.74,40.77
01:02:07,AI MODE: FOGGY (Aggressive DCP),16.5,16.75,40.84
01:02:08,AI MODE: FOGGY (Aggressive DCP),5.63,16.83,40.78
01:02:08,AI MODE: FOGGY (Aggressive DCP),11.27,16.85,41.05
01:02:08,AI MODE: FOGGY (Aggressive DCP),16.76,17.25,38.25
01:02:08,AI MODE: FOGGY (Aggressive DCP),5.76,17.44,38.18
01:02:08,AI MODE: FOGGY (Aggressive DCP),17.1,17.56,38.09
01:02:08,AI MODE: FOGGY (Aggressive DCP),17.24,17.78,38.09
01:02:08,AI MODE: FOGGY (Aggressive DCP),5.78,17.82,38.18
01:02:08,AI MODE: FOGGY (Aggressive DCP),16.92,18.05,37.58
01:02:08,AI MODE: FOGGY (Aggressive DCP),17.45,17.81,37.65
01:02:09,AI MODE: FOGGY (Aggressive DCP),5.73,17.78,37.68
01:02:09,AI MODE: FOGGY (Aggressive DCP),16.68,17.91,37.79
01:02:09,AI MODE: FOGGY (Aggressive DCP),11.41,17.91,37.84
01:02:09,AI MODE: FOGGY (Aggressive DCP),5.43,17.69,37.48
01:02:09,AI MODE: FOGGY (Aggressive DCP),17.23,17.8,37.6
01:02:09,AI MODE: FOGGY (Aggressive DCP),17.04,17.82,37.51
01:02:09,AI MODE: FOGGY (Aggressive DCP),5.68,17.84,37.51
01:02:09,AI MODE: FOGGY (Aggressive DCP),16.77,17.79,37.66
01:02:10,AI MODE: FOGGY (Aggressive DCP),16.86,17.99,37.07
01:02:10,AI MODE: FOGGY (Aggressive DCP),5.51,17.92,37.17
01:02:10,AI MODE: FOGGY (Aggressive DCP),16.72,17.9,37.16
01:02:10,AI MODE: FOGGY (Aggressive DCP),16.77,17.81,37.21
01:02:10,AI MODE: FOGGY (Aggressive DCP),4.91,17.85,37.33
01:02:10,AI MODE: FOGGY (Aggressive DCP),16.78,17.63,37.08
01:02:10,AI MODE: FOGGY (Aggressive DCP),16.73,17.53,37.07
01:02:10,AI MODE: FOGGY (Aggressive DCP),5.52,17.41,37.07
01:02:10,AI MODE: FOGGY (Aggressive DCP),16.91,17.32,37.08
01:02:11,AI MODE: FOGGY (Aggressive DCP),16.29,17.28,37.16
01:02:11,AI MODE: FOGGY (Aggressive DCP),5.26,17.26,36.87
01:02:11,AI MODE: FOGGY (Aggressive DCP),16.65,17.15,36.96
01:02:11,AI MODE: FOGGY (Aggressive DCP),16.31,17.14,36.94
01:02:11,AI MODE: FOGGY (Aggressive DCP),5.18,16.99,36.88
01:02:11,AI MODE: FOGGY (Aggressive DCP),10.76,17.1,36.87
01:02:11,AI MODE: FOGGY (Aggressive DCP),16.41,17.06,36.79
01:02:11,AI MODE: FOGGY (Aggressive DCP),5.54,17.17,36.84
01:02:12,AI MODE: FOGGY (Aggressive DCP),16.5,17.44,36.73
01:02:12,AI MODE: FOGGY (Aggressive DCP),16.96,17.47,36.8
01:02:12,AI MODE: FOGGY (Aggressive DCP),5.24,17.41,36.9
01:02:12,AI MODE: FOGGY (Aggressive DCP),16.61,16.65,36.82
01:02:12,AI MODE: FOGGY (Aggressive DCP),16.8,16.5,36.73
01:02:12,AI MODE: FOGGY (Aggressive DCP),5.76,16.58,36.68
01:02:12,AI MODE: FOGGY (Aggressive DCP),16.9,16.3,36.8
01:02:12,AI MODE: FOGGY (Aggressive DCP),10.51,15.76,36.94
01:02:13,AI MODE: FOGGY (Aggressive DCP),5.77,16.74,36.2
01:02:13,AI MODE: FOGGY (Aggressive DCP),16.97,16.68,36.15
01:02:13,AI MODE: FOGGY (Aggressive DCP),16.65,16.46,36.26
01:02:13,AI MODE: FOGGY (Aggressive DCP),5.57,16.69,36.33
01:02:13,AI MODE: FOGGY (Aggressive DCP),16.83,16.8,36.41
01:02:13,AI MODE: FOGGY (Aggressive DCP),16.49,16.83,36.33
01:02:13,AI MODE: FOGGY (Aggressive DCP),5.64,16.67,36.29
01:02:13,AI MODE: FOGGY (Aggressive DCP),17.2,16.61,36.27
01:02:13,AI MODE: FOGGY (Aggressive DCP),17.15,16.36,36.26
01:02:14,AI MODE: FOGGY (Aggressive DCP),4.86,16.33,36.33
01:02:14,AI MODE: FOGGY (Aggressive DCP),17.37,16.23,36.25
01:02:14,AI MODE: FOGGY (Aggressive DCP),16.38,16.37,36.24
01:02:14,AI MODE: FOGGY (Aggressive DCP),5.68,16.37,36.24
01:02:14,AI MODE: FOGGY (Aggressive DCP),16.66,16.58,36.21
01:02:14,AI MODE: FOGGY (Aggressive DCP),16.82,16.58,36.28
01:02:14,AI MODE: FOGGY (Aggressive DCP),5.62,16.51,36.12
01:02:14,AI MODE: FOGGY (Aggressive DCP),16.78,16.58,36.17
01:02:14,AI MODE: FOGGY (Aggressive DCP),16.55,16.77,36.16
01:02:15,AI MODE: FOGGY (Aggressive DCP),5.58,17.05,36.25
01:02:15,AI MODE: FOGGY (Aggressive DCP),11.04,17.19,36.46
01:02:15,AI MODE: FOGGY (Aggressive DCP),16.48,17.17,36.45
01:02:15,AI MODE: FOGGY (Aggressive DCP),5.71,17.39,36.43
01:02:15,AI MODE: FOGGY (Aggressive DCP),16.64,17.39,36.43
01:02:15,AI MODE: FOGGY (Aggressive DCP),16.81,17.01,36.71
01:02:15,AI MODE: FOGGY (Aggressive DCP),5.4,17.04,36.44
01:02:15,AI MODE: FOGGY (Aggressive DCP),16.42,17.3,36.35
01:02:15,AI MODE: FOGGY (Aggressive DCP),15.89,17.29,36.54
01:02:16,AI MODE: FOGGY (Aggressive DCP),5.34,17.26,36.53
01:02:16,AI MODE: FOGGY (Aggressive DCP),17.23,17.37,36.5
01:02:16,AI MODE: FOGGY (Aggressive DCP),11.4,17.6,36.43
01:02:16,AI MODE: FOGGY (Aggressive DCP),5.63,17.37,36.51
01:02:16,AI MODE: FOGGY (Aggressive DCP),16.66,17.44,36.51
01:02:16,AI MODE: FOGGY (Aggressive DCP),16.64,17.45,36.52
01:02:16,AI MODE: FOGGY (Aggressive DCP),5.79,17.59,36.57
01:02:16,AI MODE: FOGGY (Aggressive DCP),16.7,17.45,36.22
01:02:17,AI MODE: FOGGY (Aggressive DCP),16.63,17.5,36.2
01:02:17,AI MODE: FOGGY (Aggressive DCP),5.73,17.38,36.03
01:02:17,AI MODE: FOGGY (Aggressive DCP),16.91,17.26,36.27
01:02:17,AI MODE: FOGGY (Aggressive DCP),16.48,17.1,36.35
01:02:17,AI MODE: FOGGY (Aggressive DCP),4.86,17.17,36.03
01:02:17,AI MODE: FOGGY (Aggressive DCP),16.84,17.58,35.63
01:02:17,AI MODE: FOGGY (Aggressive DCP),17.25,17.51,35.61
01:02:17,AI MODE: FOGGY (Aggressive DCP),5.45,17.66,35.62
01:02:17,AI MODE: FOGGY (Aggressive DCP),17.02,17.62,35.68
01:02:18,AI MODE: FOGGY (Aggressive DCP),16.4,17.25,35.25
01:02:18,AI MODE: FOGGY (Aggressive DCP),5.59,16.99,35.28
01:02:18,AI MODE: FOGGY (Aggressive DCP),16.39,16.99,35.34
01:02:18,AI MODE: FOGGY (Aggressive DCP),16.73,16.98,35.22
01:02:18,AI MODE: FOGGY (Aggressive DCP),5.65,16.86,35.49
01:02:18,AI MODE: FOGGY (Aggressive DCP),11.45,17.5,35.05
01:02:18,AI MODE: FOGGY (Aggressive DCP),16.9,17.05,34.98
01:02:18,AI MODE: FOGGY (Aggressive DCP),5.81,16.91,35.26
01:02:19,AI MODE: FOGGY (Aggressive DCP),16.69,16.82,35.16
01:02:19,AI MODE: FOGGY (Aggressive DCP),16.66,16.84,35.35
01:02:19,AI MODE: FOGGY (Aggressive DCP),5.81,16.45,35.38
01:02:19,AI MODE: FOGGY (Aggressive DCP),16.93,15.95,35.65
01:02:19,AI MODE: FOGGY (Aggressive DCP),16.84,16.1,35.75
01:02:19,AI MODE: FOGGY (Aggressive DCP),5.67,16.0,35.72
01:02:19,AI MODE: FOGGY (Aggressive DCP),16.98,13.87,36.66
01:02:19,AI MODE: FOGGY (Aggressive DCP),11.66,13.78,36.69
01:02:19,AI MODE: FOGGY (Aggressive DCP),5.36,14.29,36.73
01:02:20,AI MODE: FOGGY (Aggressive DCP),17.09,14.62,36.76
01:02:20,AI MODE: FOGGY (Aggressive DCP),17.1,14.83,36.62
01:02:20,AI MODE: FOGGY (Aggressive DCP),5.37,15.12,36.64
01:02:20,AI MODE: FOGGY (Aggressive DCP),16.36,14.69,36.31
01:02:20,AI MODE: FOGGY (Aggressive DCP),14.05,14.53,36.42
01:02:20,AI MODE: FOGGY (Aggressive DCP),5.47,14.13,36.77
01:02:20,AI MODE: FOGGY (Aggressive DCP),17.13,13.94,36.72
01:02:20,AI MODE: FOGGY (Aggressive DCP),16.86,14.0,36.74
01:02:21,AI MODE: FOGGY (Aggressive DCP),4.93,14.31,36.6
01:02:21,AI MODE: FOGGY (Aggressive DCP),17.09,14.46,36.42
01:02:21,AI MODE: FOGGY (Aggressive DCP),17.11,14.29,36.41
01:02:21,AI MODE: FOGGY (Aggressive DCP),5.58,14.75,36.34
01:02:21,AI MODE: FOGGY (Aggressive DCP),17.01,15.08,36.39
01:02:21,AI MODE: FOGGY (Aggressive DCP),16.81,12.79,37.22
01:02:21,AI MODE: FOGGY (Aggressive DCP),5.58,13.55,37.19
01:02:21,AI MODE: FOGGY (Aggressive DCP),17.01,14.06,37.13
01:02:21,AI MODE: FOGGY (Aggressive DCP),16.88,14.36,37.07
01:02:22,AI MODE: FOGGY (Aggressive DCP),5.38,14.89,37.03
01:02:22,AI MODE: FOGGY (Aggressive DCP),11.41,13.87,38.63
01:02:22,AI MODE: FOGGY (Aggressive DCP),16.38,14.42,37.19
01:02:22,AI MODE: FOGGY (Aggressive DCP),5.62,14.93,37.23
01:02:22,AI MODE: FOGGY (Aggressive DCP),16.37,15.08,37.11
01:02:22,AI MODE: FOGGY (Aggressive DCP),15.46,15.18,37.29
01:02:22,AI MODE: FOGGY (Aggressive DCP),5.15,15.57,36.48
01:02:22,AI MODE: FOGGY (Aggressive DCP),16.58,14.7,37.0
01:02:22,AI MODE: FOGGY (Aggressive DCP),14.75,13.29,37.39
01:02:23,AI MODE: FOGGY (Aggressive DCP),5.4,13.53,37.56
01:02:23,AI MODE: FOGGY (Aggressive DCP),17.22,13.76,36.95
01:02:23,AI MODE: FOGGY (Aggressive DCP),11.34,13.87,37.44
01:02:23,AI MODE: FOGGY (Aggressive DCP),5.58,13.62,37.12
01:02:23,AI MODE: FOGGY (Aggressive DCP),17.27,13.12,37.25
01:02:23,AI MODE: FOGGY (Aggressive DCP),17.23,12.96,36.47
01:02:23,AI MODE: FOGGY (Aggressive DCP),5.77,12.99,36.91
01:02:23,AI MODE: FOGGY (Aggressive DCP),16.97,12.81,36.78
01:02:24,AI MODE: FOGGY (Aggressive DCP),16.75,13.05,36.94
01:02:24,AI MODE: FOGGY (Aggressive DCP),5.45,13.29,36.31
01:02:24,AI MODE: FOGGY (Aggressive DCP),16.95,13.73,36.55
01:02:24,AI MODE: FOGGY (Aggressive DCP),16.75,13.73,35.65
01:02:24,AI MODE: FOGGY (Aggressive DCP),4.71,13.32,35.76
01:02:24,AI MODE: FOGGY (Aggressive DCP),16.38,13.43,35.14
01:02:24,AI MODE: FOGGY (Aggressive DCP),16.8,13.96,35.22
01:02:24,AI MODE: FOGGY (Aggressive DCP),5.39,14.01,34.25
01:02:25,AI MODE: FOGGY (Aggressive DCP),16.67,14.46,34.34
01:02:25,AI MODE: FOGGY (Aggressive DCP),16.66,14.97,33.56
01:02:25,AI MODE: FOGGY (Aggressive DCP),5.58,15.17,33.79
01:02:25,AI MODE: FOGGY (Aggressive DCP),17.06,14.77,33.43
01:02:25,AI MODE: FOGGY (Aggressive DCP),16.65,14.42,33.42
01:02:25,AI MODE: FOGGY (Aggressive DCP),5.6,14.64,33.06
01:02:25,AI MODE: FOGGY (Aggressive DCP),11.6,14.84,33.07
01:02:25,AI MODE: FOGGY (Aggressive DCP),17.24,14.84,32.67
01:02:25,AI MODE: FOGGY (Aggressive DCP),5.67,15.34,32.69
01:02:26,AI MODE: FOGGY (Aggressive DCP),16.55,15.67,32.23
01:02:26,AI MODE: FOGGY (Aggressive DCP),16.24,15.01,32.46
01:02:26,AI MODE: FOGGY (Aggressive DCP),5.41,14.5,31.79
01:02:26,AI MODE: FOGGY (Aggressive DCP),16.99,14.24,31.95
01:02:26,AI MODE: FOGGY (Aggressive DCP),16.81,14.01,31.48
01:02:26,AI MODE: FOGGY (Aggressive DCP),5.68,14.14,31.63
01:02:26,AI MODE: FOGGY (Aggressive DCP),16.81,13.62,31.47
01:02:26,AI MODE: FOGGY (Aggressive DCP),11.65,13.36,31.54
01:02:27,AI MODE: FOGGY (Aggressive DCP),5.68,13.8,31.13
01:02:27,AI MODE: FOGGY (Aggressive DCP),17.09,13.77,31.14
01:02:27,AI MODE: FOGGY (Aggressive DCP),16.47,13.54,30.81
01:02:27,AI MODE: FOGGY (Aggressive DCP),5.6,13.48,30.88
01:02:27,AI MODE: FOGGY (Aggressive DCP),16.79,13.81,30.22
01:02:27,AI MODE: FOGGY (Aggressive DCP),16.35,13.84,30.35
01:02:27,AI MODE: FOGGY (Aggressive DCP),5.66,13.58,30.16
01:02:27,AI MODE: FOGGY (Aggressive DCP),16.82,13.29,30.31
01:02:27,AI MODE: FOGGY (Aggressive DCP),17.12,13.93,29.83
01:02:28,AI MODE: FOGGY (Aggressive DCP),4.94,13.34,30.08
01:02:28,AI MODE: FOGGY (Aggressive DCP),17.43,12.46,30.42
01:02:28,AI MODE: FOGGY (Aggressive DCP),17.04,12.63,30.43
01:02:28,AI MODE: FOGGY (Aggressive DCP),5.45,12.12,30.58
01:02:28,AI MODE: FOGGY (Aggressive DCP),17.42,11.2,30.72
01:02:28,AI MODE: FOGGY (Aggressive DCP),16.23,10.9,30.87
01:02:28,AI MODE: FOGGY (Aggressive DCP),5.69,10.21,31.38
01:02:28,AI MODE: FOGGY (Aggressive DCP),17.19,10.13,30.93
01:02:28,AI MODE: FOGGY (Aggressive DCP),16.83,10.9,30.98
01:02:29,AI MODE: FOGGY (Aggressive DCP),5.25,9.19,31.25
01:02:29,AI MODE: FOGGY (Aggressive DCP),10.78,9.72,30.98
01:02:29,AI MODE: FOGGY (Aggressive DCP),16.78,10.49,30.69
01:02:29,AI MODE: FOGGY (Aggressive DCP),5.44,8.82,31.22
01:02:29,AI MODE: FOGGY (Aggressive DCP),16.0,9.57,30.81
01:02:29,AI MODE: FOGGY (Aggressive DCP),15.08,9.12,31.08
01:02:29,AI MODE: FOGGY (Aggressive DCP),5.33,7.06,31.23
01:02:29,AI MODE: FOGGY (Aggressive DCP),16.82,7.46,30.97
01:02:29,AI MODE: FOGGY (Aggressive DCP),16.37,6.14,32.34
01:02:30,AI MODE: FOGGY (Aggressive DCP),5.71,5.18,32.51
01:02:30,AI MODE: FOGGY (Aggressive DCP),16.52,5.76,32.05
01:02:30,AI MODE: FOGGY (Aggressive DCP),11.17,5.38,32.34
01:02:30,AI MODE: FOGGY (Aggressive DCP),5.42,4.86,32.02
01:02:30,AI MODE: FOGGY (Aggressive DCP),17.46,4.77,32.15
01:02:30,AI MODE: FOGGY (Aggressive DCP),17.2,4.6,31.85
01:02:30,AI MODE: FOGGY (Aggressive DCP),5.72,4.2,32.03
01:02:30,AI MODE: FOGGY (Aggressive DCP),17.13,3.71,31.59
01:02:31,AI MODE: FOGGY (Aggressive DCP),16.82,3.41,31.83
01:02:31,AI MODE: FOGGY (Aggressive DCP),5.7,3.37,31.55
01:02:31,AI MODE: FOGGY (Aggressive DCP),17.23,3.15,31.77
01:02:31,AI MODE: FOGGY (Aggressive DCP),16.28,2.6,32.54
01:02:31,AI MODE: FOGGY (Aggressive DCP),4.85,2.38,32.82
01:02:31,AI MODE: FOGGY (Aggressive DCP),16.87,2.45,32.49
01:02:31,AI MODE: FOGGY (Aggressive DCP),17.07,2.31,32.75
01:02:31,AI MODE: FOGGY (Aggressive DCP),5.71,2.09,32.61
01:02:31,AI MODE: FOGGY (Aggressive DCP),17.62,2.31,32.8
01:02:32,AI MODE: FOGGY (Aggressive DCP),17.15,2.33,32.38
01:02:32,AI MODE: FOGGY (Aggressive DCP),5.75,2.38,32.73
01:02:32,AI MODE: FOGGY (Aggressive DCP),16.55,2.33,32.38
01:02:32,AI MODE: FOGGY (Aggressive DCP),16.97,2.55,32.45
01:02:32,AI MODE: FOGGY (Aggressive DCP),5.15,2.59,32.04
01:02:32,AI MODE: FOGGY (Aggressive DCP),10.81,2.46,32.07
01:02:32,AI MODE: FOGGY (Aggressive DCP),16.06,1.86,32.11
01:02:33,AI MODE: FOGGY (Aggressive DCP),4.71,1.55,32.18
01:02:33,AI MODE: FOGGY (Aggressive DCP),13.47,1.0,32.11
01:02:33,AI MODE: FOGGY (Aggressive DCP),14.09,0.68,32.13
01:02:33,AI MODE: FOGGY (Aggressive DCP),4.97,-0.44,32.98
01:02:33,AI MODE: FOGGY (Aggressive DCP),15.05,-0.56,33.08
01:02:33,AI MODE: FOGGY (Aggressive DCP),15.45,-0.73,32.88
01:02:33,AI MODE: FOGGY (Aggressive DCP),5.28,-0.82,32.87
01:02:33,AI MODE: FOGGY (Aggressive DCP),15.94,-1.16,32.63
01:02:33,AI MODE: FOGGY (Aggressive DCP),9.81,-1.38,32.65
01:02:34,AI MODE: FOGGY (Aggressive DCP),5.26,-1.56,32.38
01:02:34,AI MODE: FOGGY (Aggressive DCP),15.45,-1.6,32.37
01:02:34,AI MODE: FOGGY (Aggressive DCP),15.77,-1.65,32.07
01:02:34,AI MODE: FOGGY (Aggressive DCP),5.55,-1.63,32.1
01:02:34,AI MODE: FOGGY (Aggressive DCP),16.17,-1.73,31.89
01:02:34,AI MODE: FOGGY (Aggressive DCP),15.99,-1.96,32.02
01:02:34,AI MODE: FOGGY (Aggressive DCP),5.64,-2.34,32.19
01:02:34,AI MODE: FOGGY (Aggressive DCP),16.14,-2.47,32.04
01:02:35,AI MODE: FOGGY (Aggressive DCP),16.59,-2.73,32.11
01:02:35,AI MODE: FOGGY (Aggressive DCP),4.8,-2.78,32.08
01:02:35,AI MODE: FOGGY (Aggressive DCP),15.92,-2.67,32.16
01:02:35,AI MODE: FOGGY (Aggressive DCP),16.23,-2.68,31.81
01:02:35,AI MODE: FOGGY (Aggressive DCP),5.31,-2.82,32.06
01:02:35,AI MODE: FOGGY (Aggressive DCP),15.9,-2.91,31.79
01:02:35,AI MODE: FOGGY (Aggressive DCP),14.83,-3.09,31.72
01:02:35,AI MODE: FOGGY (Aggressive DCP),5.21,-3.36,31.79
01:02:36,AI MODE: FOGGY (Aggressive DCP),15.64,-3.21,31.75
01:02:36,AI MODE: FOGGY (Aggressive DCP),15.96,-3.27,31.82
01:02:36,AI MODE: FOGGY (Aggressive DCP),5.54,-3.39,31.55
01:02:36,AI MODE: FOGGY (Aggressive DCP),11.34,-3.54,31.89
01:02:36,AI MODE: FOGGY (Aggressive DCP),16.61,-3.56,31.9
01:02:36,AI MODE: FOGGY (Aggressive DCP),5.47,-3.45,31.88
01:02:36,AI MODE: FOGGY (Aggressive DCP),15.8,-3.41,31.95
01:02:36,AI MODE: FOGGY (Aggressive DCP),14.93,-3.33,31.56
01:02:37,AI MODE: FOGGY (Aggressive DCP),4.93,-3.44,31.45
01:02:37,AI MODE: FOGGY (Aggressive DCP),15.95,-3.55,31.36
01:02:37,AI MODE: FOGGY (Aggressive DCP),16.13,-3.56,31.26
01:02:37,AI MODE: FOGGY (Aggressive DCP),5.54,-3.34,31.29
01:02:37,AI MODE: FOGGY (Aggressive DCP),16.61,-3.19,31.07
01:02:37,AI MODE: FOGGY (Aggressive DCP),10.59,-3.02,30.94
01:02:37,AI MODE: FOGGY (Aggressive DCP),5.16,-3.02,31.25
01:02:37,AI MODE: FOGGY (Aggressive DCP),15.1,-2.97,31.29
01:02:37,AI MODE: FOGGY (Aggressive DCP),15.08,-3.05,31.4
01:02:38,AI MODE: FOGGY (Aggressive DCP),5.17,-2.91,31.28
01:02:38,AI MODE: FOGGY (Aggressive DCP),16.46,-3.03,31.25
01:02:38,AI MODE: FOGGY (Aggressive DCP),16.08,-3.16,31.29
01:02:38,AI MODE: FOGGY (Aggressive DCP),5.57,-3.18,31.44
01:02:38,AI MODE: FOGGY (Aggressive DCP),16.43,-3.24,31.5
01:02:38,AI MODE: FOGGY (Aggressive DCP),16.5,-3.31,31.29
01:02:38,AI MODE: FOGGY (Aggressive DCP),4.67,-3.35,31.35
01:02:38,AI MODE: FOGGY (Aggressive DCP),15.83,-3.41,31.33
01:02:39,AI MODE: FOGGY (Aggressive DCP),14.8,-3.46,31.47
01:02:39,AI MODE: FOGGY (Aggressive DCP),5.14,-3.65,31.61
01:02:39,AI MODE: FOGGY (Aggressive DCP),15.84,-3.58,31.49
01:02:39,AI MODE: FOGGY (Aggressive DCP),16.6,-3.63,31.7
01:02:39,AI MODE: FOGGY (Aggressive DCP),5.38,-3.71,31.72
01:02:39,AI MODE: FOGGY (Aggressive DCP),15.85,-3.72,31.77
01:02:39,AI MODE: FOGGY (Aggressive DCP),16.53,-3.59,31.82
01:02:39,AI MODE: FOGGY (Aggressive DCP),5.64,-3.76,31.97
01:02:40,AI MODE: FOGGY (Aggressive DCP),11.47,-3.71,31.77
01:02:40,AI MODE: FOGGY (Aggressive DCP),17.15,-3.72,31.76
01:02:40,AI MODE: FOGGY (Aggressive DCP),5.57,-3.75,31.92
01:02:40,AI MODE: FOGGY (Aggressive DCP),16.33,-3.78,31.98
01:02:40,AI MODE: FOGGY (Aggressive DCP),16.4,-3.65,31.72
01:02:40,AI MODE: FOGGY (Aggressive DCP),5.52,-3.63,31.83
01:02:40,AI MODE: FOGGY (Aggressive DCP),15.71,-3.63,31.74
01:02:40,AI MODE: FOGGY (Aggressive DCP),16.09,-3.64,31.82
01:02:41,AI MODE: FOGGY (Aggressive DCP),5.38,-3.7,31.92
01:02:41,AI MODE: FOGGY (Aggressive DCP),16.04,-3.68,31.9
01:02:41,AI MODE: FOGGY (Aggressive DCP),11.23,-4.52,33.15
01:02:41,AI MODE: FOGGY (Aggressive DCP),5.45,-4.44,32.55
01:02:41,AI MODE: FOGGY (Aggressive DCP),16.26,-4.41,32.42
01:02:41,AI MODE: FOGGY (Aggressive DCP),15.57,-4.36,32.37
01:02:41,AI MODE: FOGGY (Aggressive DCP),5.2,-4.26,32.24
01:02:41,AI MODE: FOGGY (Aggressive DCP),13.87,-4.28,32.41
01:02:41,AI MODE: FOGGY (Aggressive DCP),14.43,-2.98,31.9
01:02:42,AI MODE: FOGGY (Aggressive DCP),4.97,-1.15,31.06
01:02:42,AI MODE: FOGGY (Aggressive DCP),15.32,-1.54,30.96
01:02:42,AI MODE: FOGGY (Aggressive DCP),16.05,-1.77,31.05
01:02:42,AI MODE: FOGGY (Aggressive DCP),3.95,-2.61,31.37
01:02:42,AI MODE: FOGGY (Aggressive DCP),15.76,-3.36,31.17
01:02:42,AI MODE: FOGGY (Aggressive DCP),16.45,-3.39,31.28
01:02:43,AI MODE: FOGGY (Aggressive DCP),5.32,-3.39,31.28
01:02:43,AI MODE: FOGGY (Aggressive DCP),16.33,-3.38,31.31
01:02:43,AI MODE: FOGGY (Aggressive DCP),16.16,-3.46,31.4
01:02:43,AI MODE: FOGGY (Aggressive DCP),5.34,-3.18,31.18
01:02:43,AI MODE: FOGGY (Aggressive DCP),15.46,-3.36,31.14
01:02:43,AI MODE: FOGGY (Aggressive DCP),16.18,-3.21,31.1
01:02:43,AI MODE: FOGGY (Aggressive DCP),5.39,-3.38,31.13
01:02:43,AI MODE: FOGGY (Aggressive DCP),10.67,-3.28,31.15
01:02:43,AI MODE: FOGGY (Aggressive DCP),15.76,-3.28,30.94
01:02:44,AI MODE: FOGGY (Aggressive DCP),5.44,-3.21,30.93
01:02:44,AI MODE: FOGGY (Aggressive DCP),15.28,-3.12,30.92
01:02:44,AI MODE: FOGGY (Aggressive DCP),15.47,-3.15,30.91
01:02:44,AI MODE: FOGGY (Aggressive DCP),5.39,-3.22,30.99
01:02:44,AI MODE: FOGGY (Aggressive DCP),15.65,-3.02,30.77
01:02:44,AI MODE: FOGGY (Aggressive DCP),15.85,-3.01,30.81
01:02:44,AI MODE: FOGGY (Aggressive DCP),5.2,-3.02,30.79
01:02:44,AI MODE: FOGGY (Aggressive DCP),13.69,-3.23,30.82
01:02:45,AI MODE: FOGGY (Aggressive DCP),9.72,-3.27,30.9
01:02:45,AI MODE: FOGGY (Aggressive DCP),4.32,-3.15,30.51
01:02:45,AI MODE: FOGGY (Aggressive DCP),14.85,-3.2,30.49
01:02:45,AI MODE: FOGGY (Aggressive DCP),15.18,-3.24,30.39
01:02:45,AI MODE: FOGGY (Aggressive DCP),5.12,-3.33,30.64
01:02:45,AI MODE: FOGGY (Aggressive DCP),15.82,-3.44,30.75
01:02:45,AI MODE: FOGGY (Aggressive DCP),15.78,-3.51,30.6
01:02:46,AI MODE: FOGGY (Aggressive DCP),5.35,-3.57,30.38
01:02:46,AI MODE: FOGGY (Aggressive DCP),15.52,-3.67,30.41
01:02:46,AI MODE: FOGGY (Aggressive DCP),16.06,-3.83,30.58
01:02:46,AI MODE: FOGGY (Aggressive DCP),4.23,-4.0,30.68
01:02:46,AI MODE: FOGGY (Aggressive DCP),14.94,-3.7,30.43
01:02:46,AI MODE: FOGGY (Aggressive DCP),15.17,-3.72,30.24
01:02:46,AI MODE: FOGGY (Aggressive DCP),4.76,-3.69,30.22
01:02:47,AI MODE: FOGGY (Aggressive DCP),14.89,-3.58,30.1
01:02:47,AI MODE: FOGGY (Aggressive DCP),15.37,-3.24,30.14
01:02:47,AI MODE: FOGGY (Aggressive DCP),4.88,-3.41,29.9
01:02:47,AI MODE: FOGGY (Aggressive DCP),15.86,-3.76,29.98
01:02:47,AI MODE: FOGGY (Aggressive DCP),15.91,-3.81,30.09
01:02:47,AI MODE: FOGGY (Aggressive DCP),5.51,-3.94,29.8
01:02:47,AI MODE: FOGGY (Aggressive DCP),10.59,-4.2,29.88
01:02:47,AI MODE: FOGGY (Aggressive DCP),14.5,-4.52,30.06
01:02:48,AI MODE: FOGGY (Aggressive DCP),5.16,-4.62,30.13
01:02:48,AI MODE: FOGGY (Aggressive DCP),16.07,-4.82,30.05
01:02:48,AI MODE: FOGGY (Aggressive DCP),16.35,-5.04,30.19
01:02:48,AI MODE: FOGGY (Aggressive DCP),5.63,-5.55,30.5
01:02:48,AI MODE: FOGGY (Aggressive DCP),16.31,-5.38,30.52
01:02:48,AI MODE: FOGGY (Aggressive DCP),15.91,-5.14,30.38
01:02:48,AI MODE: FOGGY (Aggressive DCP),5.54,-4.53,30.42
01:02:48,AI MODE: FOGGY (Aggressive DCP),15.56,-4.86,30.5
01:02:48,AI MODE: FOGGY (Aggressive DCP),11.15,-4.84,30.53
01:02:49,AI MODE: FOGGY (Aggressive DCP),5.04,-4.26,30.53
01:02:49,AI MODE: FOGGY (Aggressive DCP),15.29,-4.73,30.9
01:02:49,AI MODE: FOGGY (Aggressive DCP),15.87,-5.24,31.01
01:02:49,AI MODE: FOGGY (Aggressive DCP),5.56,-4.99,30.82
01:02:49,AI MODE: FOGGY (Aggressive DCP),16.73,-4.45,30.82
01:02:49,AI MODE: FOGGY (Aggressive DCP),16.34,-4.69,31.2
01:02:49,AI MODE: FOGGY (Aggressive DCP),5.47,-5.44,31.18
01:02:49,AI MODE: FOGGY (Aggressive DCP),16.32,-5.79,31.48
01:02:50,AI MODE: FOGGY (Aggressive DCP),16.73,-6.16,31.67
01:02:50,AI MODE: FOGGY (Aggressive DCP),4.8,-6.62,31.76
01:02:50,AI MODE: FOGGY (Aggressive DCP),16.16,-6.94,31.54
01:02:50,AI MODE: FOGGY (Aggressive DCP),16.29,-6.98,31.69
01:02:50,AI MODE: FOGGY (Aggressive DCP),5.53,-7.34,31.55
01:02:50,AI MODE: FOGGY (Aggressive DCP),15.87,-7.81,31.68
01:02:50,AI MODE: FOGGY (Aggressive DCP),16.07,-8.09,31.45
01:02:50,AI MODE: FOGGY (Aggressive DCP),5.46,-8.37,31.8
01:02:51,AI MODE: FOGGY (Aggressive DCP),15.87,-8.26,31.65
01:02:51,AI MODE: FOGGY (Aggressive DCP),16.05,-8.15,31.85
01:02:51,AI MODE: FOGGY (Aggressive DCP),5.03,-7.98,31.91
01:02:51,AI MODE: FOGGY (Aggressive DCP),9.67,-6.86,32.35
01:02:51,AI MODE: FOGGY (Aggressive DCP),16.01,-4.64,31.78
01:02:51,AI MODE: FOGGY (Aggressive DCP),5.09,-0.77,31.52
01:02:51,AI MODE: FOGGY (Aggressive DCP),14.45,1.89,30.43
01:02:51,AI MODE: FOGGY (Aggressive DCP),15.74,8.74,29.83
01:02:52,AI MODE: FOGGY (Aggressive DCP),5.34,8.95,29.37
01:02:52,AI MODE: FOGGY (Aggressive DCP),15.98,8.32,29.39
01:02:52,AI MODE: FOGGY (Aggressive DCP),14.33,7.44,29.22
01:02:52,AI MODE: FOGGY (Aggressive DCP),5.15,12.68,28.63
01:02:52,AI MODE: FOGGY (Aggressive DCP),15.81,10.79,28.33
01:02:52,AI MODE: FOGGY (Aggressive DCP),11.07,7.86,28.74
01:02:52,AI MODE: FOGGY (Aggressive DCP),5.61,6.08,28.3
01:02:52,AI MODE: FOGGY (Aggressive DCP),16.14,3.82,28.97
01:02:53,AI MODE: FOGGY (Aggressive DCP),16.51,2.72,29.02
01:02:53,AI MODE: FOGGY (Aggressive DCP),5.63,1.86,29.0
01:02:53,AI MODE: FOGGY (Aggressive DCP),15.93,1.69,29.29
01:02:53,AI MODE: FOGGY (Aggressive DCP),16.77,1.21,29.88
01:02:53,AI MODE: FOGGY (Aggressive DCP),5.01,0.48,29.59
01:02:53,AI MODE: FOGGY (Aggressive DCP),16.03,-0.03,29.9
01:02:53,AI MODE: FOGGY (Aggressive DCP),16.02,-1.06,30.07
01:02:53,AI MODE: FOGGY (Aggressive DCP),4.83,-2.06,30.31
01:02:54,AI MODE: FOGGY (Aggressive DCP),16.64,-3.48,30.43
01:02:54,AI MODE: FOGGY (Aggressive DCP),16.76,-4.64,30.48
01:02:54,AI MODE: FOGGY (Aggressive DCP),5.21,-6.05,30.89
01:02:54,AI MODE: FOGGY (Aggressive DCP),15.84,-6.03,31.43
01:02:54,AI MODE: FOGGY (Aggressive DCP),16.08,-7.02,31.71
01:02:54,AI MODE: FOGGY (Aggressive DCP),5.8,-7.92,31.61
01:02:54,AI MODE: FOGGY (Aggressive DCP),16.63,-8.97,32.11
01:02:54,AI MODE: FOGGY (Aggressive DCP),16.32,-9.14,32.58
01:02:54,AI MODE: FOGGY (Aggressive DCP),5.59,-9.62,32.79
01:02:55,AI MODE: FOGGY (Aggressive DCP),11.21,-9.75,32.57
01:02:55,AI MODE: FOGGY (Aggressive DCP),16.55,-10.28,32.8
01:02:55,AI MODE: FOGGY (Aggressive DCP),5.47,-8.96,32.76
01:02:55,AI MODE: FOGGY (Aggressive DCP),16.18,-9.82,33.04
01:02:55,AI MODE: FOGGY (Aggressive DCP),15.77,-10.86,33.36
01:02:55,AI MODE: FOGGY (Aggressive DCP),5.27,-12.05,33.87
01:02:55,AI MODE: FOGGY (Aggressive DCP),15.65,-12.26,34.14
01:02:55,AI MODE: FOGGY (Aggressive DCP),14.22,-13.1,34.5
01:02:56,AI MODE: FOGGY (Aggressive DCP),4.99,-13.98,34.37
01:02:56,AI MODE: FOGGY (Aggressive DCP),15.98,-15.04,34.73
01:02:56,AI MODE: FOGGY (Aggressive DCP),11.44,-13.89,34.94
01:02:56,AI MODE: FOGGY (Aggressive DCP),5.49,-13.24,35.05
01:02:56,AI MODE: FOGGY (Aggressive DCP),16.45,-13.09,34.89
01:02:56,AI MODE: FOGGY (Aggressive DCP),16.79,-13.06,35.24
01:02:56,AI MODE: FOGGY (Aggressive DCP),5.74,-9.93,35.47
01:02:56,AI MODE: FOGGY (Aggressive DCP),16.76,-9.87,35.55
01:02:56,AI MODE: FOGGY (Aggressive DCP),15.34,-9.69,35.38
01:02:57,AI MODE: FOGGY (Aggressive DCP),5.4,-9.74,35.74
01:02:57,AI MODE: FOGGY (Aggressive DCP),16.24,-7.56,35.55
01:02:57,AI MODE: FOGGY (Aggressive DCP),16.13,-7.24,35.76
01:02:57,AI MODE: FOGGY (Aggressive DCP),4.89,-6.78,35.63
01:02:57,AI MODE: FOGGY (Aggressive DCP),16.01,-6.79,35.81
01:02:57,AI MODE: FOGGY (Aggressive DCP),15.14,-4.41,36.51
01:02:57,AI MODE: FOGGY (Aggressive DCP),5.38,-4.08,36.78
01:02:57,AI MODE: FOGGY (Aggressive DCP),16.28,-3.98,36.99
01:02:58,AI MODE: FOGGY (Aggressive DCP),16.4,-4.02,37.11
01:02:58,AI MODE: FOGGY (Aggressive DCP),5.61,-1.6,37.04
01:02:58,AI MODE: FOGGY (Aggressive DCP),16.74,-1.28,37.21
01:02:58,AI MODE: FOGGY (Aggressive DCP),15.31,-1.16,37.11
01:02:58,AI MODE: FOGGY (Aggressive DCP),5.39,-1.3,37.48
01:02:58,AI MODE: FOGGY (Aggressive DCP),10.77,1.4,37.67
01:02:58,AI MODE: FOGGY (Aggressive DCP),15.85,1.54,37.87
01:02:58,AI MODE: FOGGY (Aggressive DCP),5.48,1.69,37.78
01:02:59,AI MODE: FOGGY (Aggressive DCP),16.04,1.69,38.02
01:02:59,AI MODE: FOGGY (Aggressive DCP),16.94,3.76,38.21
01:02:59,AI MODE: FOGGY (Aggressive DCP),5.77,4.15,38.44
01:02:59,AI MODE: FOGGY (Aggressive DCP),16.68,4.36,38.47
01:02:59,AI MODE: FOGGY (Aggressive DCP),16.74,4.54,38.6
01:02:59,AI MODE: FOGGY (Aggressive DCP),5.72,5.61,39.84
01:02:59,AI MODE: FOGGY (Aggressive DCP),16.37,6.05,40.11
01:02:59,AI MODE: FOGGY (Aggressive DCP),10.87,6.42,39.86
01:03:00,AI MODE: FOGGY (Aggressive DCP),5.26,6.5,39.96
01:03:00,AI MODE: FOGGY (Aggressive DCP),15.66,8.52,40.4
01:03:00,AI MODE: FOGGY (Aggressive DCP),15.9,8.88,40.2
01:03:00,AI MODE: FOGGY (Aggressive DCP),5.1,9.14,39.93
01:03:00,AI MODE: FOGGY (Aggressive DCP),15.57,9.04,40.22
01:03:00,AI MODE: FOGGY (Aggressive DCP),14.53,9.17,40.98
01:03:00,AI MODE: FOGGY (Aggressive DCP),5.15,9.22,40.82
01:03:00,AI MODE: FOGGY (Aggressive DCP),15.39,9.23,40.67
01:03:00,AI MODE: FOGGY (Aggressive DCP),15.86,9.44,40.47
01:03:01,AI MODE: FOGGY (Aggressive DCP),4.86,9.9,41.75
01:03:01,AI MODE: FOGGY (Aggressive DCP),16.52,10.44,41.09
01:03:01,AI MODE: FOGGY (Aggressive DCP),16.4,10.37,41.07
01:03:01,AI MODE: FOGGY (Aggressive DCP),5.68,10.45,40.81
01:03:01,AI MODE: FOGGY (Aggressive DCP),16.92,8.14,43.29
01:03:01,AI MODE: FOGGY (Aggressive DCP),16.24,8.24,42.95
01:03:01,AI MODE: FOGGY (Aggressive DCP),4.52,8.02,43.2
01:03:01,AI MODE: FOGGY (Aggressive DCP),15.43,8.21,42.87
01:03:02,AI MODE: FOGGY (Aggressive DCP),14.96,9.71,43.28
01:03:02,AI MODE: FOGGY (Aggressive DCP),5.27,9.86,42.88
01:03:02,AI MODE: FOGGY (Aggressive DCP),11.05,10.0,42.65
01:03:02,AI MODE: FOGGY (Aggressive DCP),16.69,9.95,42.92
01:03:02,AI MODE: FOGGY (Aggressive DCP),5.48,9.08,45.12
01:03:02,AI MODE: FOGGY (Aggressive DCP),15.68,9.06,45.05
01:03:02,AI MODE: FOGGY (Aggressive DCP),16.24,9.07,44.58
01:03:02,AI MODE: FOGGY (Aggressive DCP),5.59,8.97,44.92
01:03:03,AI MODE: FOGGY (Aggressive DCP),16.52,10.69,44.61
01:03:03,AI MODE: FOGGY (Aggressive DCP),16.36,10.67,44.74
01:03:03,AI MODE: FOGGY (Aggressive DCP),5.18,10.63,44.96
01:03:03,AI MODE: FOGGY (Aggressive DCP),15.77,10.49,45.67
01:03:03,AI MODE: FOGGY (Aggressive DCP),11.22,10.08,46.73
01:03:03,AI MODE: FOGGY (Aggressive DCP),5.58,10.21,46.7
01:03:03,AI MODE: FOGGY (Aggressive DCP),16.87,10.36,46.38
01:03:03,AI MODE: FOGGY (Aggressive DCP),16.33,10.31,46.37
01:03:04,AI MODE: FOGGY (Aggressive DCP),5.37,11.78,46.57
01:03:04,AI MODE: FOGGY (Aggressive DCP),16.26,11.89,46.57
01:03:04,AI MODE: FOGGY (Aggressive DCP),16.6,11.87,46.4
01:03:04,AI MODE: FOGGY (Aggressive DCP),5.46,11.93,46.91
01:03:04,AI MODE: FOGGY (Aggressive DCP),16.13,11.1,47.73
01:03:04,AI MODE: FOGGY (Aggressive DCP),15.64,11.14,47.73
01:03:04,AI MODE: CLEAR (Pass-Through),5.55,0.0,100.0
01:03:04,AI MODE: CLEAR (Pass-Through),60.65,0.0,100.0
01:03:04,AI MODE: CLEAR (Pass-Through),58.06,0.0,100.0
01:03:04,AI MODE: CLEAR (Pass-Through),6.72,0.0,100.0
01:03:05,AI MODE: CLEAR (Pass-Through),56.14,0.0,100.0
01:03:05,AI MODE: CLEAR (Pass-Through),59.21,0.0,100.0
01:03:05,AI MODE: CLEAR (Pass-Through),6.93,0.0,100.0
01:03:05,AI MODE: CLEAR (Pass-Through),56.8,0.0,100.0
01:03:05,AI MODE: CLEAR (Pass-Through),56.63,0.0,100.0
01:03:05,AI MODE: CLEAR (Pass-Through),6.74,0.0,100.0
01:03:05,AI MODE: CLEAR (Pass-Through),20.68,0.0,100.0
01:03:05,AI MODE: CLEAR (Pass-Through),55.93,0.0,100.0
01:03:05,AI MODE: CLEAR (Pass-Through),6.87,0.0,100.0
01:03:05,AI MODE: CLEAR (Pass-Through),58.05,0.0,100.0
01:03:05,AI MODE: CLEAR (Pass-Through),52.29,0.0,100.0
01:03:05,AI MODE: CLEAR (Pass-Through),7.03,0.0,100.0
01:03:05,AI MODE: CLEAR (Pass-Through),58.42,0.0,100.0
01:03:05,AI MODE: CLEAR (Pass-Through),55.69,0.0,100.0
01:03:06,AI MODE: CLEAR (Pass-Through),6.65,0.0,100.0
01:03:06,AI MODE: CLEAR (Pass-Through),56.94,0.0,100.0
01:03:06,AI MODE: CLEAR (Pass-Through),20.97,0.0,100.0
01:03:06,AI MODE: CLEAR (Pass-Through),7.01,0.0,100.0
01:03:06,AI MODE: CLEAR (Pass-Through),58.54,0.0,100.0
01:03:06,AI MODE: CLEAR (Pass-Through),58.15,0.0,100.0
01:03:06,AI MODE: CLEAR (Pass-Through),7.03,0.0,100.0
01:03:06,AI MODE: CLEAR (Pass-Through),60.68,0.0,100.0
01:03:06,AI MODE: CLEAR (Pass-Through),52.52,0.0,100.0
01:03:06,AI MODE: CLEAR (Pass-Through),6.98,0.0,100.0
01:03:06,AI MODE: CLEAR (Pass-Through),59.52,0.0,100.0
01:03:06,AI MODE: CLEAR (Pass-Through),58.86,0.0,100.0
01:03:07,AI MODE: CLEAR (Pass-Through),5.94,0.0,100.0
01:03:07,AI MODE: CLEAR (Pass-Through),55.1,0.0,100.0
01:03:07,AI MODE: CLEAR (Pass-Through),60.0,0.0,100.0
01:03:07,AI MODE: CLEAR (Pass-Through),7.05,0.0,100.0
01:03:07,AI MODE: CLEAR (Pass-Through),57.7,0.0,100.0
01:03:07,AI MODE: CLEAR (Pass-Through),56.94,0.0,100.0
01:03:07,AI MODE: CLEAR (Pass-Through),7.15,0.0,100.0
01:03:07,AI MODE: CLEAR (Pass-Through),58.12,0.0,100.0
01:03:07,AI MODE: CLEAR (Pass-Through),57.62,0.0,100.0
01:03:07,AI MODE: CLEAR (Pass-Through),7.06,0.0,100.0
01:03:07,AI MODE: CLEAR (Pass-Through),21.09,0.0,100.0
01:03:07,AI MODE: CLEAR (Pass-Through),57.6,0.0,100.0
01:03:08,AI MODE: CLEAR (Pass-Through),7.0,0.0,100.0
01:03:08,AI MODE: CLEAR (Pass-Through),58.6,0.0,100.0
01:03:08,AI MODE: CLEAR (Pass-Through),52.59,0.0,100.0
01:03:08,AI MODE: CLEAR (Pass-Through),6.56,0.0,100.0
01:03:08,AI MODE: CLEAR (Pass-Through),58.68,0.0,100.0
01:03:08,AI MODE: CLEAR (Pass-Through),57.54,0.0,100.0
01:03:08,AI MODE: CLEAR (Pass-Through),6.98,0.0,100.0
01:03:08,AI MODE: CLEAR (Pass-Through),62.14,0.0,100.0
01:03:08,AI MODE: CLEAR (Pass-Through),21.0,0.0,100.0
01:03:08,AI MODE: CLEAR (Pass-Through),7.13,0.0,100.0
01:03:08,AI MODE: CLEAR (Pass-Through),54.62,0.0,100.0
01:03:08,AI MODE: CLEAR (Pass-Through),53.5,0.0,100.0
01:03:08,AI MODE: CLEAR (Pass-Through),6.46,0.0,100.0
01:03:08,AI MODE: CLEAR (Pass-Through),53.8,0.0,100.0
01:03:09,AI MODE: CLEAR (Pass-Through),59.14,0.0,100.0
01:03:09,AI MODE: CLEAR (Pass-Through),6.36,0.0,100.0
01:03:09,AI MODE: CLEAR (Pass-Through),54.07,0.0,100.0
01:03:09,AI MODE: CLEAR (Pass-Through),54.76,0.0,100.0
01:03:09,AI MODE: CLEAR (Pass-Through),5.88,0.0,100.0
01:03:09,AI MODE: CLEAR (Pass-Through),59.22,0.0,100.0
01:03:09,AI MODE: CLEAR (Pass-Through),59.03,0.0,100.0
01:03:09,AI MODE: CLEAR (Pass-Through),6.91,0.0,100.0
01:03:09,AI MODE: CLEAR (Pass-Through),59.67,0.0,100.0
01:03:09,AI MODE: CLEAR (Pass-Through),60.68,0.0,100.0
01:03:09,AI MODE: CLEAR (Pass-Through),6.88,0.0,100.0
01:03:09,AI MODE: CLEAR (Pass-Through),56.15,0.0,100.0
01:03:09,AI MODE: CLEAR (Pass-Through),56.27,0.0,100.0
01:03:10,AI MODE: CLEAR (Pass-Through),6.86,0.0,100.0
01:03:10,AI MODE: CLEAR (Pass-Through),20.65,0.0,100.0
01:03:10,AI MODE: CLEAR (Pass-Through),59.37,0.0,100.0
01:03:10,AI MODE: CLEAR (Pass-Through),6.97,0.0,100.0
01:03:10,AI MODE: CLEAR (Pass-Through),57.01,0.0,100.0
01:03:10,AI MODE: CLEAR (Pass-Through),55.35,0.0,100.0
01:03:10,AI MODE: CLEAR (Pass-Through),7.0,0.0,100.0
01:03:10,AI MODE: CLEAR (Pass-Through),59.8,0.0,100.0
01:03:10,AI MODE: CLEAR (Pass-Through),54.87,0.0,100.0
01:03:10,AI MODE: CLEAR (Pass-Through),7.02,0.0,100.0
01:03:10,AI MODE: CLEAR (Pass-Through),55.12,0.0,100.0
01:03:10,AI MODE: CLEAR (Pass-Through),20.43,0.0,100.0
01:03:11,AI MODE: CLEAR (Pass-Through),7.01,0.0,100.0
01:03:11,AI MODE: CLEAR (Pass-Through),57.55,0.0,100.0
01:03:11,AI MODE: CLEAR (Pass-Through),53.8,0.0,100.0
01:03:11,AI MODE: CLEAR (Pass-Through),6.76,0.0,100.0
01:03:11,AI MODE: CLEAR (Pass-Through),58.06,0.0,100.0
01:03:11,AI MODE: CLEAR (Pass-Through),55.9,0.0,100.0
01:03:11,AI MODE: CLEAR (Pass-Through),7.01,0.0,100.0
01:03:11,AI MODE: CLEAR (Pass-Through),55.31,0.0,100.0
01:03:11,AI MODE: CLEAR (Pass-Through),54.89,0.0,100.0
01:03:11,AI MODE: CLEAR (Pass-Through),5.92,0.0,100.0
01:03:11,AI MODE: CLEAR (Pass-Through),57.88,0.0,100.0
01:03:11,AI MODE: CLEAR (Pass-Through),58.46,0.0,100.0
01:03:11,AI MODE: CLEAR (Pass-Through),6.74,0.0,100.0
01:03:12,AI MODE: CLEAR (Pass-Through),55.36,0.0,100.0
01:03:12,AI MODE: CLEAR (Pass-Through),52.52,0.0,100.0
01:03:12,AI MODE: CLEAR (Pass-Through),6.86,0.0,100.0
01:03:12,AI MODE: CLEAR (Pass-Through),50.92,0.0,100.0
01:03:12,AI MODE: CLEAR (Pass-Through),54.78,0.0,100.0
01:03:12,AI MODE: CLEAR (Pass-Through),6.93,0.0,100.0
01:03:12,AI MODE: CLEAR (Pass-Through),20.16,0.0,100.0
01:03:12,AI MODE: CLEAR (Pass-Through),54.38,0.0,100.0
01:03:12,AI MODE: CLEAR (Pass-Through),6.94,0.0,100.0
01:03:12,AI MODE: CLEAR (Pass-Through),55.57,0.0,100.0
01:03:12,AI MODE: CLEAR (Pass-Through),53.99,0.0,100.0
01:03:12,AI MODE: CLEAR (Pass-Through),7.08,0.0,100.0
01:03:12,AI MODE: CLEAR (Pass-Through),60.75,0.0,100.0
01:03:12,AI MODE: CLEAR (Pass-Through),59.37,0.0,100.0
01:03:13,AI MODE: CLEAR (Pass-Through),7.02,0.0,100.0
01:03:13,AI MODE: CLEAR (Pass-Through),52.87,0.0,100.0
01:03:13,AI MODE: CLEAR (Pass-Through),19.46,0.0,100.0
01:03:13,AI MODE: CLEAR (Pass-Through),6.57,0.0,100.0
01:03:13,AI MODE: CLEAR (Pass-Through),50.99,0.0,100.0
01:03:13,AI MODE: CLEAR (Pass-Through),54.74,0.0,100.0
01:03:13,AI MODE: CLEAR (Pass-Through),6.69,0.0,100.0
01:03:13,AI MODE: CLEAR (Pass-Through),55.54,0.0,100.0
01:03:13,AI MODE: CLEAR (Pass-Through),54.95,0.0,100.0
01:03:13,AI MODE: CLEAR (Pass-Through),6.8,0.0,100.0
01:03:13,AI MODE: CLEAR (Pass-Through),60.01,0.0,100.0
01:03:13,AI MODE: CLEAR (Pass-Through),56.68,0.0,100.0
01:03:14,AI MODE: CLEAR (Pass-Through),5.91,0.0,100.0
01:03:14,AI MODE: CLEAR (Pass-Through),55.66,0.0,100.0
01:03:14,AI MODE: CLEAR (Pass-Through),58.29,0.0,100.0
01:03:14,AI MODE: CLEAR (Pass-Through),6.87,0.0,100.0
01:03:14,AI MODE: CLEAR (Pass-Through),57.39,0.0,100.0
01:03:14,AI MODE: CLEAR (Pass-Through),61.15,0.0,100.0
01:03:14,AI MODE: CLEAR (Pass-Through),6.89,0.0,100.0
01:03:14,AI MODE: CLEAR (Pass-Through),58.28,0.0,100.0
01:03:14,AI MODE: CLEAR (Pass-Through),55.54,0.0,100.0
01:03:14,AI MODE: CLEAR (Pass-Through),6.82,0.0,100.0
01:03:14,AI MODE: CLEAR (Pass-Through),20.54,0.0,100.0
01:03:14,AI MODE: CLEAR (Pass-Through),55.55,0.0,100.0
01:03:15,AI MODE: CLEAR (Pass-Through),6.96,0.0,100.0
01:03:15,AI MODE: CLEAR (Pass-Through),56.61,0.0,100.0
01:03:15,AI MODE: CLEAR (Pass-Through),62.03,0.0,100.0
01:03:15,AI MODE: CLEAR (Pass-Through),6.98,0.0,100.0
01:03:15,AI MODE: CLEAR (Pass-Through),56.62,0.0,100.0
01:03:15,AI MODE: CLEAR (Pass-Through),57.42,0.0,100.0
01:03:15,AI MODE: CLEAR (Pass-Through),6.97,0.0,100.0
01:03:15,AI MODE: CLEAR (Pass-Through),52.79,0.0,100.0
01:03:15,AI MODE: CLEAR (Pass-Through),20.93,0.0,100.0
01:03:15,AI MODE: CLEAR (Pass-Through),6.72,0.0,100.0
01:03:15,AI MODE: CLEAR (Pass-Through),58.56,0.0,100.0
01:03:15,AI MODE: CLEAR (Pass-Through),59.19,0.0,100.0
01:03:15,AI MODE: CLEAR (Pass-Through),6.89,0.0,100.0
01:03:16,AI MODE: CLEAR (Pass-Through),56.57,0.0,100.0
01:03:16,AI MODE: CLEAR (Pass-Through),58.33,0.0,100.0
01:03:16,AI MODE: CLEAR (Pass-Through),7.03,0.0,100.0
01:03:16,AI MODE: CLEAR (Pass-Through),55.44,0.0,100.0
01:03:16,AI MODE: CLEAR (Pass-Through),57.18,0.0,100.0
01:03:16,AI MODE: CLEAR (Pass-Through),5.81,0.0,100.0
01:03:16,AI MODE: CLEAR (Pass-Through),51.25,0.0,100.0
01:03:16,AI MODE: CLEAR (Pass-Through),55.7,0.0,100.0
01:03:16,AI MODE: CLEAR (Pass-Through),7.03,0.0,100.0
01:03:16,AI MODE: CLEAR (Pass-Through),55.42,0.0,100.0
01:03:16,AI MODE: CLEAR (Pass-Through),55.43,0.0,100.0
01:03:16,AI MODE: CLEAR (Pass-Through),6.97,0.0,100.0
01:03:16,AI MODE: CLEAR (Pass-Through),59.04,0.0,100.0
01:03:16,AI MODE: CLEAR (Pass-Through),55.88,0.0,100.0
01:03:17,AI MODE: CLEAR (Pass-Through),6.92,0.0,100.0
01:03:17,AI MODE: CLEAR (Pass-Through),21.11,0.0,100.0
01:03:17,AI MODE: CLEAR (Pass-Through),55.74,0.0,100.0
01:03:17,AI MODE: CLEAR (Pass-Through),6.81,0.0,100.0
01:03:17,AI MODE: CLEAR (Pass-Through),54.5,0.0,100.0
01:03:17,AI MODE: CLEAR (Pass-Through),58.16,0.0,100.0
01:03:17,AI MODE: CLEAR (Pass-Through),6.8,0.0,100.0
01:03:17,AI MODE: CLEAR (Pass-Through),54.8,0.0,100.0
01:03:17,AI MODE: CLEAR (Pass-Through),55.21,0.0,100.0
01:03:17,AI MODE: CLEAR (Pass-Through),6.24,0.0,100.0
01:03:17,AI MODE: CLEAR (Pass-Through),53.25,0.0,100.0
01:03:18,AI MODE: FOGGY (Aggressive DCP),10.23,-1.58,44.87
01:03:18,AI MODE: FOGGY (Aggressive DCP),5.34,-1.23,44.72
01:03:18,AI MODE: FOGGY (Aggressive DCP),15.43,-0.9,44.46
01:03:18,AI MODE: FOGGY (Aggressive DCP),15.44,-0.66,44.31
01:03:18,AI MODE: FOGGY (Aggressive DCP),5.41,-0.25,44.07
01:03:18,AI MODE: FOGGY (Aggressive DCP),16.02,0.08,43.91
01:03:18,AI MODE: FOGGY (Aggressive DCP),16.45,0.41,43.7
01:03:18,AI MODE: FOGGY (Aggressive DCP),5.39,0.8,43.51
01:03:19,AI MODE: FOGGY (Aggressive DCP),15.94,1.12,43.44
01:03:19,AI MODE: FOGGY (Aggressive DCP),16.12,1.6,43.2
01:03:19,AI MODE: FOGGY (Aggressive DCP),4.74,2.09,42.77
01:03:19,AI MODE: FOGGY (Aggressive DCP),15.62,0.52,44.13
01:03:19,AI MODE: FOGGY (Aggressive DCP),16.07,0.39,44.48
01:03:19,AI MODE: FOGGY (Aggressive DCP),5.5,0.94,44.17
01:03:19,AI MODE: FOGGY (Aggressive DCP),16.03,1.6,43.88
01:03:19,AI MODE: FOGGY (Aggressive DCP),16.35,1.91,43.69
01:03:20,AI MODE: FOGGY (Aggressive DCP),5.5,2.51,43.41
01:03:20,AI MODE: FOGGY (Aggressive DCP),16.14,3.13,43.12
01:03:20,AI MODE: FOGGY (Aggressive DCP),14.79,3.46,42.86
01:03:20,AI MODE: FOGGY (Aggressive DCP),5.19,4.0,42.51
01:03:20,AI MODE: FOGGY (Aggressive DCP),10.97,1.74,44.04
01:03:20,AI MODE: FOGGY (Aggressive DCP),16.64,2.25,43.79
01:03:20,AI MODE: FOGGY (Aggressive DCP),5.4,3.08,43.37
01:03:20,AI MODE: FOGGY (Aggressive DCP),16.09,3.24,43.3
01:03:20,AI MODE: FOGGY (Aggressive DCP),16.71,3.85,43.06
01:03:21,AI MODE: FOGGY (Aggressive DCP),5.6,4.35,42.77
01:03:21,AI MODE: FOGGY (Aggressive DCP),16.57,5.01,42.52
01:03:21,AI MODE: FOGGY (Aggressive DCP),16.61,5.57,42.31
01:03:21,AI MODE: FOGGY (Aggressive DCP),5.3,3.03,44.78
01:03:21,AI MODE: FOGGY (Aggressive DCP),16.16,3.6,44.52
01:03:21,AI MODE: FOGGY (Aggressive DCP),11.36,4.36,44.13
01:03:21,AI MODE: FOGGY (Aggressive DCP),5.57,5.08,43.72
01:03:21,AI MODE: FOGGY (Aggressive DCP),16.54,5.8,43.44
01:03:21,AI MODE: FOGGY (Aggressive DCP),16.69,6.46,43.06
01:03:22,AI MODE: FOGGY (Aggressive DCP),5.33,7.11,42.79
01:03:22,AI MODE: FOGGY (Aggressive DCP),15.89,7.81,42.42
01:03:22,AI MODE: FOGGY (Aggressive DCP),16.22,8.54,42.13
01:03:22,AI MODE: FOGGY (Aggressive DCP),5.34,9.24,41.89
01:03:22,AI MODE: FOGGY (Aggressive DCP),15.64,7.32,43.03
01:03:22,AI MODE: FOGGY (Aggressive DCP),16.05,8.08,42.68
01:03:22,AI MODE: FOGGY (Aggressive DCP),4.8,8.39,42.53
01:03:22,AI MODE: FOGGY (Aggressive DCP),14.43,9.42,41.99
01:03:23,AI MODE: FOGGY (Aggressive DCP),15.78,10.23,41.51
01:03:23,AI MODE: FOGGY (Aggressive DCP),5.41,10.93,41.18
01:03:23,AI MODE: FOGGY (Aggressive DCP),16.22,11.73,40.82
01:03:23,AI MODE: FOGGY (Aggressive DCP),14.08,12.46,40.41
01:03:23,AI MODE: FOGGY (Aggressive DCP),5.22,13.2,39.97
01:03:23,AI MODE: FOGGY (Aggressive DCP),16.37,10.49,41.14
01:03:23,AI MODE: FOGGY (Aggressive DCP),16.49,11.1,40.79
01:03:23,AI MODE: FOGGY (Aggressive DCP),5.59,11.67,40.42
01:03:24,AI MODE: FOGGY (Aggressive DCP),11.02,12.43,39.87
01:03:24,AI MODE: FOGGY (Aggressive DCP),16.93,12.92,39.48
01:03:24,AI MODE: FOGGY (Aggressive DCP),5.58,13.27,39.32
01:03:24,AI MODE: FOGGY (Aggressive DCP),15.02,13.52,39.06
01:03:24,AI MODE: FOGGY (Aggressive DCP),15.25,9.56,41.11
01:03:24,AI MODE: FOGGY (Aggressive DCP),5.24,9.71,41.0
01:03:24,AI MODE: FOGGY (Aggressive DCP),16.05,9.86,40.98
01:03:24,AI MODE: FOGGY (Aggressive DCP),16.24,10.14,40.96
01:03:25,AI MODE: FOGGY (Aggressive DCP),5.62,10.06,40.97
01:03:25,AI MODE: FOGGY (Aggressive DCP),17.09,10.22,40.94
01:03:25,AI MODE: FOGGY (Aggressive DCP),11.35,10.47,40.86
01:03:25,AI MODE: FOGGY (Aggressive DCP),5.67,10.52,41.01
01:03:25,AI MODE: FOGGY (Aggressive DCP),16.07,10.48,40.94
01:03:25,AI MODE: FOGGY (Aggressive DCP),16.8,10.83,40.9
01:03:25,AI MODE: FOGGY (Aggressive DCP),5.52,10.79,41.12
01:03:25,AI MODE: FOGGY (Aggressive DCP),16.08,10.72,41.06
01:03:25,AI MODE: FOGGY (Aggressive DCP),16.04,10.99,40.96
01:03:26,AI MODE: FOGGY (Aggressive DCP),5.48,11.0,41.18
01:03:26,AI MODE: FOGGY (Aggressive DCP),16.24,10.77,41.22
01:03:26,AI MODE: FOGGY (Aggressive DCP),16.75,11.23,41.17
01:03:26,AI MODE: FOGGY (Aggressive DCP),4.58,11.27,41.24
01:03:26,AI MODE: FOGGY (Aggressive DCP),15.72,11.24,41.15
01:03:26,AI MODE: FOGGY (Aggressive DCP),15.99,11.52,40.8
01:03:26,AI MODE: FOGGY (Aggressive DCP),5.19,11.49,40.83
01:03:26,AI MODE: FOGGY (Aggressive DCP),15.94,11.77,40.75
01:03:27,AI MODE: FOGGY (Aggressive DCP),14.74,11.99,40.65
01:03:27,AI MODE: FOGGY (Aggressive DCP),4.65,12.15,40.65
01:03:27,AI MODE: FOGGY (Aggressive DCP),15.33,12.19,40.65
01:03:27,AI MODE: FOGGY (Aggressive DCP),15.85,12.15,40.67
01:03:27,AI MODE: FOGGY (Aggressive DCP),5.18,12.74,40.66
01:03:27,AI MODE: FOGGY (Aggressive DCP),10.71,12.67,40.68
01:03:27,AI MODE: FOGGY (Aggressive DCP),16.66,12.98,40.7
01:03:27,AI MODE: FOGGY (Aggressive DCP),5.58,13.04,40.78
01:03:28,AI MODE: FOGGY (Aggressive DCP),17.03,12.98,40.86
01:03:28,AI MODE: FOGGY (Aggressive DCP),16.96,13.4,40.99
01:03:28,AI MODE: FOGGY (Aggressive DCP),5.68,13.36,41.11
01:03:28,AI MODE: FOGGY (Aggressive DCP),16.01,13.32,41.07
01:03:28,AI MODE: FOGGY (Aggressive DCP),16.73,13.65,40.99
01:03:28,AI MODE: FOGGY (Aggressive DCP),5.3,18.33,39.25
01:03:28,AI MODE: FOGGY (Aggressive DCP),16.35,18.35,39.16
01:03:28,AI MODE: FOGGY (Aggressive DCP),11.09,18.85,38.9
01:03:29,AI MODE: FOGGY (Aggressive DCP),5.65,15.49,40.83
01:03:29,AI MODE: FOGGY (Aggressive DCP),16.69,14.8,41.1
01:03:29,AI MODE: FOGGY (Aggressive DCP),16.92,15.4,40.95
01:03:29,AI MODE: FOGGY (Aggressive DCP),5.81,15.07,41.12
01:03:29,AI MODE: FOGGY (Aggressive DCP),16.33,15.13,41.12
01:03:29,AI MODE: FOGGY (Aggressive DCP),16.47,15.93,41.0
01:03:29,AI MODE: FOGGY (Aggressive DCP),5.5,15.95,41.1
01:03:29,AI MODE: FOGGY (Aggressive DCP),16.44,15.99,40.98
01:03:29,AI MODE: FOGGY (Aggressive DCP),14.86,16.11,40.97
01:03:30,AI MODE: FOGGY (Aggressive DCP),3.92,16.02,41.02
01:03:30,AI MODE: FOGGY (Aggressive DCP),15.73,16.41,40.74
01:03:30,AI MODE: FOGGY (Aggressive DCP),16.34,16.48,40.75
01:03:30,AI MODE: FOGGY (Aggressive DCP),5.56,16.45,40.66
01:03:30,AI MODE: FOGGY (Aggressive DCP),16.79,16.8,40.63
01:03:30,AI MODE: FOGGY (Aggressive DCP),16.87,16.8,40.57
01:03:30,AI MODE: FOGGY (Aggressive DCP),5.5,16.86,40.59
01:03:30,AI MODE: FOGGY (Aggressive DCP),16.17,16.94,40.59
01:03:31,AI MODE: FOGGY (Aggressive DCP),16.04,17.57,40.71
01:03:31,AI MODE: FOGGY (Aggressive DCP),5.22,17.54,40.74
01:03:31,AI MODE: FOGGY (Aggressive DCP),10.7,17.56,40.71
01:03:31,AI MODE: FOGGY (Aggressive DCP),14.72,17.63,40.64
01:03:31,AI MODE: FOGGY (Aggressive DCP),4.92,18.08,40.62
01:03:31,AI MODE: FOGGY (Aggressive DCP),15.76,18.09,40.54
01:03:31,AI MODE: FOGGY (Aggressive DCP),16.75,18.05,40.54
01:03:31,AI MODE: FOGGY (Aggressive DCP),5.49,18.44,40.35
01:03:32,AI MODE: FOGGY (Aggressive DCP),16.59,18.69,40.14
01:03:32,AI MODE: FOGGY (Aggressive DCP),17.0,18.78,40.1
01:03:32,AI MODE: FOGGY (Aggressive DCP),5.57,18.82,39.96
01:03:32,AI MODE: FOGGY (Aggressive DCP),16.64,18.89,39.85
01:03:32,AI MODE: FOGGY (Aggressive DCP),11.19,19.01,39.92
01:03:32,AI MODE: FOGGY (Aggressive DCP),5.04,19.42,39.55
01:03:32,AI MODE: FOGGY (Aggressive DCP),16.02,19.43,39.45
01:03:32,AI MODE: FOGGY (Aggressive DCP),16.47,19.46,39.35
01:03:33,AI MODE: FOGGY (Aggressive DCP),5.46,19.85,39.39
01:03:33,AI MODE: FOGGY (Aggressive DCP),16.62,19.77,39.4
01:03:33,AI MODE: FOGGY (Aggressive DCP),16.56,16.95,41.09
01:03:33,AI MODE: FOGGY (Aggressive DCP),5.69,16.82,41.31
01:03:33,AI MODE: FOGGY (Aggressive DCP),16.38,16.66,41.47
01:03:33,AI MODE: FOGGY (Aggressive DCP),16.58,16.87,41.42
01:03:33,AI MODE: FOGGY (Aggressive DCP),4.83,16.69,41.47
01:03:33,AI MODE: FOGGY (Aggressive DCP),15.97,16.94,41.41
01:03:33,AI MODE: FOGGY (Aggressive DCP),16.03,16.97,41.55
01:03:34,AI MODE: FOGGY (Aggressive DCP),5.54,16.89,41.43
01:03:34,AI MODE: FOGGY (Aggressive DCP),15.94,16.94,41.45
01:03:34,AI MODE: FOGGY (Aggressive DCP),15.48,16.9,41.43
01:03:34,AI MODE: FOGGY (Aggressive DCP),5.16,17.75,41.16
01:03:34,AI MODE: FOGGY (Aggressive DCP),16.19,17.56,41.15
01:03:34,AI MODE: FOGGY (Aggressive DCP),16.5,17.66,41.06
01:03:34,AI MODE: FOGGY (Aggressive DCP),5.64,17.91,40.92
01:03:34,AI MODE: FOGGY (Aggressive DCP),11.28,18.5,41.09
01:03:34,AI MODE: FOGGY (Aggressive DCP),16.71,18.55,40.94
01:03:35,AI MODE: FOGGY (Aggressive DCP),5.34,18.58,40.84
01:03:35,AI MODE: FOGGY (Aggressive DCP),16.16,18.5,40.89
01:03:35,AI MODE: FOGGY (Aggressive DCP),15.94,19.01,40.78
01:03:35,AI MODE: FOGGY (Aggressive DCP),5.0,19.23,40.88
01:03:35,AI MODE: FOGGY (Aggressive DCP),16.18,15.91,42.97
01:03:35,AI MODE: FOGGY (Aggressive DCP),16.81,15.79,43.09
01:03:35,AI MODE: FOGGY (Aggressive DCP),5.73,15.81,43.29
01:03:35,AI MODE: FOGGY (Aggressive DCP),16.53,15.75,43.34
01:03:36,AI MODE: FOGGY (Aggressive DCP),11.4,15.81,43.28
01:03:36,AI MODE: FOGGY (Aggressive DCP),5.65,15.79,43.2
01:03:36,AI MODE: FOGGY (Aggressive DCP),16.26,16.28,43.21
01:03:36,AI MODE: FOGGY (Aggressive DCP),16.35,16.42,43.03
01:03:36,AI MODE: FOGGY (Aggressive DCP),5.52,16.28,43.05
01:03:36,AI MODE: FOGGY (Aggressive DCP),15.9,16.24,42.96
01:03:36,AI MODE: FOGGY (Aggressive DCP),16.11,16.92,42.9
01:03:36,AI MODE: FOGGY (Aggressive DCP),5.45,17.07,42.86
01:03:37,AI MODE: FOGGY (Aggressive DCP),15.89,16.95,42.66
01:03:37,AI MODE: FOGGY (Aggressive DCP),16.25,17.13,42.56
01:03:37,AI MODE: FOGGY (Aggressive DCP),4.74,12.98,45.36
01:03:37,AI MODE: FOGGY (Aggressive DCP),16.03,12.94,45.27
01:03:37,AI MODE: FOGGY (Aggressive DCP),16.39,12.92,45.22
01:03:37,AI MODE: FOGGY (Aggressive DCP),5.46,12.99,45.12
01:03:37,AI MODE: FOGGY (Aggressive DCP),16.21,13.62,45.07
01:03:37,AI MODE: FOGGY (Aggressive DCP),16.47,13.63,44.91
01:03:38,AI MODE: FOGGY (Aggressive DCP),5.44,13.52,44.9
01:03:38,AI MODE: FOGGY (Aggressive DCP),16.36,13.61,44.72
01:03:38,AI MODE: FOGGY (Aggressive DCP),16.43,14.19,44.78
01:03:38,AI MODE: FOGGY (Aggressive DCP),5.51,14.31,44.51
01:03:38,AI MODE: FOGGY (Aggressive DCP),11.07,14.33,44.45
01:03:38,AI MODE: FOGGY (Aggressive DCP),14.49,14.38,44.32
01:03:38,AI MODE: FOGGY (Aggressive DCP),4.97,15.06,44.31
01:03:38,AI MODE: FOGGY (Aggressive DCP),16.34,15.02,44.11
01:03:38,AI MODE: FOGGY (Aggressive DCP),16.42,11.23,46.1
01:03:39,AI MODE: FOGGY (Aggressive DCP),5.71,11.08,46.02
01:03:39,AI MODE: FOGGY (Aggressive DCP),16.33,11.03,46.06
01:03:39,AI MODE: FOGGY (Aggressive DCP),16.74,10.99,45.82
01:03:39,AI MODE: FOGGY (Aggressive DCP),5.52,11.03,45.73
01:03:39,AI MODE: FOGGY (Aggressive DCP),16.28,11.04,45.62
01:03:39,AI MODE: FOGGY (Aggressive DCP),11.42,12.1,45.58
01:03:39,AI MODE: FOGGY (Aggressive DCP),4.8,12.07,45.46
01:03:39,AI MODE: FOGGY (Aggressive DCP),15.3,12.01,45.34
01:03:40,AI MODE: FOGGY (Aggressive DCP),15.95,12.1,45.1
01:03:40,AI MODE: FOGGY (Aggressive DCP),5.49,7.03,47.5
01:03:40,AI MODE: FOGGY (Aggressive DCP),16.52,7.08,47.27
01:03:40,AI MODE: FOGGY (Aggressive DCP),15.17,7.32,46.92
01:03:40,AI MODE: FOGGY (Aggressive DCP),5.37,7.7,46.74
01:03:40,AI MODE: FOGGY (Aggressive DCP),16.18,8.03,46.71
01:03:40,AI MODE: FOGGY (Aggressive DCP),16.27,8.0,46.47
01:03:40,AI MODE: FOGGY (Aggressive DCP),4.82,8.81,46.12
01:03:41,AI MODE: FOGGY (Aggressive DCP),16.83,9.03,45.89
01:03:41,AI MODE: FOGGY (Aggressive DCP),16.63,9.42,45.79
01:03:41,AI MODE: FOGGY (Aggressive DCP),5.65,9.5,45.63
01:03:41,AI MODE: FOGGY (Aggressive DCP),16.36,9.71,45.47
01:03:41,AI MODE: FOGGY (Aggressive DCP),16.17,9.88,45.31
01:03:41,AI MODE: FOGGY (Aggressive DCP),5.09,10.43,45.2
01:03:41,AI MODE: FOGGY (Aggressive DCP),15.61,10.49,45.09
01:03:41,AI MODE: FOGGY (Aggressive DCP),15.76,10.68,44.9
01:03:42,AI MODE: FOGGY (Aggressive DCP),5.52,10.74,44.81
01:03:42,AI MODE: FOGGY (Aggressive DCP),11.17,11.16,45.08
01:03:42,AI MODE: FOGGY (Aggressive DCP),16.27,11.31,44.76
01:03:42,AI MODE: FOGGY (Aggressive DCP),5.55,11.6,44.45
01:03:42,AI MODE: FOGGY (Aggressive DCP),16.18,11.73,44.35
01:03:42,AI MODE: FOGGY (Aggressive DCP),15.94,12.24,44.39
01:03:42,AI MODE: FOGGY (Aggressive DCP),5.5,12.3,44.04
01:03:42,AI MODE: FOGGY (Aggressive DCP),15.92,12.77,43.86
01:03:42,AI MODE: FOGGY (Aggressive DCP),16.74,12.98,43.61
01:03:43,AI MODE: FOGGY (Aggressive DCP),5.34,13.23,43.53
01:03:43,AI MODE: FOGGY (Aggressive DCP),16.08,13.6,43.22
01:03:43,AI MODE: FOGGY (Aggressive DCP),11.04,13.78,42.96
01:03:43,AI MODE: FOGGY (Aggressive DCP),5.67,14.02,42.69
01:03:43,AI MODE: FOGGY (Aggressive DCP),16.12,14.43,42.45
01:03:43,AI MODE: FOGGY (Aggressive DCP),16.53,14.72,42.03
01:03:43,AI MODE: FOGGY (Aggressive DCP),5.33,14.97,41.65
01:03:43,AI MODE: FOGGY (Aggressive DCP),15.25,15.22,41.46
01:03:43,AI MODE: FOGGY (Aggressive DCP),14.53,15.91,41.3
01:03:44,AI MODE: FOGGY (Aggressive DCP),4.75,16.18,40.85
01:03:44,AI MODE: FOGGY (Aggressive DCP),14.61,16.57,40.28
01:03:44,AI MODE: FOGGY (Aggressive DCP),15.3,16.8,39.76
01:03:44,AI MODE: FOGGY (Aggressive DCP),3.01,17.47,39.45
01:03:44,AI MODE: FOGGY (Aggressive DCP),8.49,18.1,38.78
01:03:44,AI MODE: FOGGY (Aggressive DCP),11.15,18.44,38.3
01:03:45,AI MODE: FOGGY (Aggressive DCP),3.96,18.54,37.91
01:03:45,AI MODE: FOGGY (Aggressive DCP),10.59,19.06,37.46
01:03:45,AI MODE: FOGGY (Aggressive DCP),10.19,19.55,36.9
01:03:45,AI MODE: FOGGY (Aggressive DCP),4.09,19.85,36.12
01:03:45,AI MODE: FOGGY (Aggressive DCP),10.17,20.05,35.59
